Id,Price
725,163263.955126
15856,178205.415011
5480,125783.638369
15664,337015.685631
14275,120988.941024
7633,178275.860158
13329,178205.415011
5502,204411.630384
4220,337015.685631
11538,208803.056634
15975,267637.58997
3310,208803.056634
9286,157119.07357
11260,188700.66307
5214,120988.941024
11307,181747.788774
13543,390233.068624
615,178275.860158
3495,208803.056634
2321,267637.58997
12046,178275.860158
16688,145778.105301
12694,208803.056634
783,157119.07357
8968,180012.371088
13454,188700.66307
12190,230213.799411
11160,125483.478659
10291,178275.860158
891,230098.616826
2982,178205.415011
3818,230213.799411
2449,164015.609613
8317,160320.921417
4922,181747.788774
1257,230098.616826
9348,208861.272969
4176,204411.630384
10704,230213.799411
6624,120988.941024
5428,178205.415011
12749,188700.66307
8994,272194.710719
11513,145778.105301
3047,208861.272969
9519,208803.056634
12309,208861.272969
14081,267637.58997
8334,267637.58997
6343,174071.65086
14788,120988.941024
15748,481360.360728
153,230213.799411
14149,178275.860158
269,163263.955126
5452,141071.994201
721,178275.860158
5079,390233.068624
2831,97796.2553262
10614,120988.941024
10131,272194.710719
9996,332011.499798
3061,170185.767454
11733,390233.068624
3726,259890.251009
10929,178275.860158
9011,483283.488083
16182,264340.9199
4976,188700.66307
9897,267637.58997
1872,170185.767454
9205,390233.068624
5403,438286.555823
14074,188700.66307
6268,145778.105301
14232,157119.07357
8532,230098.616826
7034,230213.799411
6553,504668.255523
3133,188700.66307
8596,188700.66307
12389,276119.408219
14462,178205.415011
8860,390233.068624
8377,238822.351406
6367,332011.499798
6917,230213.799411
4216,157119.07357
5806,157119.07357
5438,178205.415011
6632,204411.630384
2650,178275.860158
5396,208861.272969
4044,157119.07357
1345,230213.799411
856,178275.860158
12791,267637.58997
12499,208803.056634
12249,120988.941024
14641,178205.415011
1919,157119.07357
7848,199764.458933
10749,178205.415011
15554,174071.65086
15834,178205.415011
1355,188700.66307
15451,178275.860158
12401,206462.845419
10290,174071.65086
9462,125483.478659
3103,257604.225889
3420,120988.941024
12262,257604.225889
5032,125483.478659
8949,267637.58997
15567,230098.616826
16389,157119.07357
7809,121533.45297
8990,163263.955126
16089,267637.58997
12743,120988.941024
5132,120988.941024
1619,272194.710719
2428,120988.941024
16741,178275.860158
13193,267637.58997
12588,489729.562389
5067,188700.66307
14685,120988.941024
2292,160320.921417
5746,120988.941024
12578,178205.415011
14834,121533.45297
2147,178275.860158
8222,120988.941024
10419,230213.799411
11492,204411.630384
3006,204411.630384
8761,188700.66307
15371,272194.710719
16367,178205.415011
6317,272194.710719
10878,332011.499798
3895,157119.07357
8041,120988.941024
13428,419336.020201
14669,157119.07357
1006,178205.415011
12271,178205.415011
3764,182399.310943
7675,188700.66307
11709,259890.251009
8629,178275.860158
1105,504668.255523
6096,181747.788774
11727,206462.845419
5157,180012.371088
3679,125483.478659
1755,178275.860158
7391,163263.955126
7425,120988.941024
6882,305993.833313
10752,390233.068624
7472,204411.630384
14320,120988.941024
9596,163263.955126
5317,208861.272969
7378,88490.0520302
16154,178205.415011
3464,204411.630384
4197,230213.799411
9477,120988.941024
12705,204411.630384
16426,199764.458933
1481,69739.0035653
9946,230098.616826
12025,208861.272969
5341,230213.799411
9923,337015.685631
7953,332011.499798
11066,257604.225889
5037,178275.860158
2509,170185.767454
4937,332011.499798
12089,390233.068624
4964,157119.07357
16500,230098.616826
4625,157119.07357
2363,390233.068624
8148,178275.860158
3804,178275.860158
4584,157119.07357
10694,105334.761411
2691,178275.860158
2983,267637.58997
13563,272194.710719
10747,208803.056634
1721,199764.458933
2789,267637.58997
7214,272194.710719
8659,267637.58997
5107,267637.58997
3843,204411.630384
14610,419336.020201
15505,178275.860158
5060,230213.799411
16055,276119.408219
14963,178275.860158
4118,145778.105301
1672,120988.941024
3209,204411.630384
16515,141071.994201
973,178275.860158
12529,181747.788774
5896,120988.941024
5450,267637.58997
3249,157119.07357
8911,230213.799411
5898,230213.799411
1024,178205.415011
4766,178275.860158
15804,188700.66307
14303,208861.272969
10707,188700.66307
6605,208803.056634
1138,403765.852777
14088,399876.456511
9154,204411.630384
8190,188700.66307
398,267637.58997
13302,230213.799411
9696,164015.609613
16786,120988.941024
16230,208861.272969
6552,230213.799411
923,230098.616826
9602,267637.58997
5857,178275.860158
8120,178275.860158
7134,170185.767454
11726,157119.07357
8069,120988.941024
12420,178275.860158
8604,272194.710719
4854,267637.58997
12212,178205.415011
12099,332011.499798
3882,419336.020201
6995,224560.99473
10172,204411.630384
11672,267637.58997
12897,267637.58997
16097,178275.860158
6779,267637.58997
11199,188700.66307
10816,209347.210443
143,390233.068624
5399,257604.225889
3286,157119.07357
13706,208803.056634
1935,390233.068624
16000,178205.415011
2860,178205.415011
11407,204411.630384
16378,230213.799411
12278,178275.860158
3842,157119.07357
2692,337015.685631
7699,178275.860158
6825,272194.710719
7268,267637.58997
1477,340979.985649
9887,163263.955126
9436,188700.66307
3179,230213.799411
1350,438286.555823
10643,230213.799411
5793,238822.351406
11494,504668.255523
4206,188700.66307
12419,230213.799411
8530,163263.955126
5985,125783.638369
8908,230213.799411
256,120988.941024
7234,178205.415011
5648,204411.630384
3014,267637.58997
2184,157119.07357
9189,272194.710719
14884,204411.630384
10333,397528.736061
15896,160320.921417
13269,163263.955126
8603,230098.616826
15087,178275.860158
4344,178275.860158
7981,69739.0035653
10908,230213.799411
6190,157119.07357
11742,230213.799411
9224,163263.955126
14667,204411.630384
458,174071.65086
2464,277468.974879
12320,267637.58997
278,230098.616826
2912,238822.351406
6698,230098.616826
4510,145778.105301
4183,178275.860158
5551,254331.552331
12187,178205.415011
7948,204411.630384
10808,181747.788774
12432,157119.07357
5356,188700.66307
8984,438286.555823
9203,178205.415011
15412,121533.45297
12041,120988.941024
7644,264340.9199
7071,204411.630384
10685,163263.955126
6763,180012.371088
940,141071.994201
14959,199764.458933
1338,163263.955126
5351,125483.478659
6524,170185.767454
12516,157119.07357
3288,267637.58997
3146,257604.225889
3954,178275.860158
11955,188700.66307
1211,204411.630384
15668,188700.66307
1320,121533.45297
9108,208861.272969
16482,120988.941024
5017,163263.955126
8290,188700.66307
4304,390233.068624
1930,272194.710719
12530,178275.860158
11295,267637.58997
3002,157119.07357
15483,164015.609613
11525,230098.616826
13978,125483.478659
4885,178275.860158
8325,178275.860158
3630,131591.195973
9165,188700.66307
13945,230450.803848
10663,206462.845419
14803,178205.415011
7621,163263.955126
8205,230450.803848
10387,199764.458933
5457,157119.07357
10234,332011.499798
6251,178275.860158
701,267637.58997
7930,178275.860158
15028,121533.45297
12172,120988.941024
5805,188700.66307
7411,267637.58997
14806,277468.974879
7890,157119.07357
10440,157119.07357
14926,178205.415011
5381,163263.955126
3800,390233.068624
10511,272194.710719
9324,272194.710719
3313,204411.630384
7351,163263.955126
8459,204411.630384
9957,121533.45297
12024,178275.860158
4380,204411.630384
5042,160320.921417
13289,145778.105301
13407,390233.068624
13258,157119.07357
15993,230213.799411
12525,157119.07357
4062,208861.272969
12065,267637.58997
8227,178275.860158
11333,164015.609613
2867,141071.994201
3319,230213.799411
3523,340979.985649
7055,199764.458933
14930,178275.860158
3444,125483.478659
2940,332011.499798
6935,390233.068624
16116,416188.701892
13370,230213.799411
6103,267637.58997
7446,157119.07357
1859,178205.415011
4079,204411.630384
3228,157119.07357
9665,120988.941024
15957,399876.456511
11533,188700.66307
2314,120988.941024
4096,180012.371088
13437,180012.371088
5980,230213.799411
2008,188700.66307
6754,178275.860158
4129,145778.105301
14557,272194.710719
7096,267637.58997
14297,267637.58997
3967,238822.351406
16485,120988.941024
13075,390233.068624
14289,188700.66307
10988,157119.07357
3230,157119.07357
13250,178275.860158
2559,180012.371088
7739,337015.685631
7213,164015.609613
6639,230098.616826
3164,267637.58997
15207,178275.860158
5113,178275.860158
3929,120988.941024
14493,230098.616826
11110,178205.415011
2033,204411.630384
16057,206462.845419
16709,230450.803848
14313,157119.07357
1028,267637.58997
7187,120988.941024
3738,230213.799411
9869,277468.974879
12644,199764.458933
3686,120988.941024
9196,272194.710719
12326,230213.799411
4936,178275.860158
13314,178275.860158
9857,337015.685631
519,174071.65086
8410,157119.07357
1720,188700.66307
10341,238822.351406
14415,204411.630384
10613,267637.58997
8027,188700.66307
15539,257604.225889
7431,257604.225889
1370,145778.105301
12708,157119.07357
2250,230098.616826
14758,145778.105301
8525,399876.456511
1538,272194.710719
1142,145778.105301
1152,267637.58997
9802,178205.415011
3331,337015.685631
15203,178275.860158
4247,157119.07357
1976,390233.068624
2346,208803.056634
10078,230098.616826
1938,204411.630384
7819,208861.272969
2168,276119.408219
15634,230213.799411
8465,230450.803848
9313,157119.07357
6539,145778.105301
6325,105334.761411
13442,230213.799411
9967,178275.860158
7893,230213.799411
2861,204411.630384
11031,332011.499798
15073,157119.07357
13837,178275.860158
2524,267637.58997
8617,208861.272969
13513,204411.630384
3081,272194.710719
10675,438286.555823
1907,88490.0520302
4872,242429.195864
16274,504668.255523
11837,264340.9199
16577,204411.630384
5231,163263.955126
11315,254331.552331
273,199764.458933
8363,224560.99473
4255,230450.803848
16330,272194.710719
11528,188700.66307
14799,230098.616826
1611,230213.799411
9234,178275.860158
1633,120988.941024
6791,230450.803848
11567,504668.255523
3070,238822.351406
12094,276119.408219
14335,277468.974879
137,157119.07357
7182,188700.66307
11718,163263.955126
5194,120988.941024
97,332011.499798
5118,390233.068624
13920,277468.974879
9952,204411.630384
15337,204411.630384
10243,208803.056634
4048,419336.020201
171,174071.65086
11378,163263.955126
14190,163263.955126
15265,125483.478659
2740,120988.941024
5573,332011.499798
4481,257604.225889
2631,174071.65086
4984,230213.799411
16466,163263.955126
16716,120988.941024
15325,230213.799411
10115,178275.860158
117,504668.255523
5476,120988.941024
11757,188700.66307
12359,120988.941024
15546,181747.788774
8133,164015.609613
9018,390233.068624
2075,178275.860158
11170,337015.685631
15733,204411.630384
9280,145778.105301
10734,390233.068624
14071,230213.799411
7373,230098.616826
14736,160320.921417
3458,125783.638369
6183,188700.66307
7825,204411.630384
16775,180012.371088
5717,188700.66307
12397,141071.994201
8189,489729.562389
4423,204411.630384
3994,163263.955126
10342,188700.66307
10051,188700.66307
9453,145778.105301
12593,390233.068624
1274,121533.45297
6933,390233.068624
1761,157119.07357
7157,337015.685631
15169,157119.07357
6792,390233.068624
13830,181747.788774
7240,230098.616826
3051,272194.710719
6550,120988.941024
4603,178275.860158
5729,157119.07357
13473,337015.685631
15104,163263.955126
6599,340979.985649
2216,238822.351406
8721,277468.974879
3645,178275.860158
8664,230098.616826
11001,204411.630384
753,157119.07357
8129,230098.616826
15235,157119.07357
3359,178275.860158
10424,204411.630384
10226,208861.272969
9252,208861.272969
3008,230213.799411
5849,181747.788774
8494,188700.66307
6764,238822.351406
12445,267637.58997
11716,181747.788774
4508,120988.941024
5669,188700.66307
11427,105334.761411
11065,188700.66307
8910,230098.616826
16401,483283.488083
11913,157119.07357
6221,204411.630384
10839,188700.66307
2809,199764.458933
13311,181747.788774
6866,188700.66307
6019,230213.799411
3024,157119.07357
1391,254331.552331
15904,263883.797905
15858,305993.833313
9911,208861.272969
16579,230098.616826
4394,230213.799411
1468,340979.985649
12965,157119.07357
2249,180012.371088
14384,163263.955126
13040,125783.638369
8872,145778.105301
12864,230213.799411
15712,121533.45297
14049,188700.66307
1840,121285.521873
12019,178275.860158
8948,178275.860158
15154,230213.799411
6943,157119.07357
12564,390233.068624
12766,120988.941024
7255,208861.272969
7962,174071.65086
709,120988.941024
4634,178275.860158
889,208803.056634
4774,125483.478659
13890,160320.921417
15431,178275.860158
8726,390233.068624
10373,145778.105301
6413,178275.860158
9761,141071.994201
15864,163263.955126
6147,141071.994201
3384,224560.99473
320,267637.58997
8006,157119.07357
14395,163263.955126
14976,120988.941024
12185,208803.056634
4779,120988.941024
8551,163263.955126
9025,337015.685631
10616,230450.803848
7475,105334.761411
6341,277468.974879
14163,145778.105301
2211,188700.66307
10532,267637.58997
14338,141071.994201
831,178275.860158
3382,188700.66307
9209,230098.616826
7188,263883.797905
7197,180012.371088
11270,157119.07357
15918,157119.07357
6937,390233.068624
6178,181747.788774
10668,125483.478659
1413,267637.58997
6884,390233.068624
8266,204411.630384
14019,180012.371088
16764,145778.105301
15306,163263.955126
3740,224560.99473
5298,178205.415011
8319,178205.415011
4229,178275.860158
13429,230213.799411
1753,390233.068624
860,230098.616826
14219,157119.07357
12113,188700.66307
11309,163263.955126
9930,188700.66307
10570,204411.630384
2839,174071.65086
6699,125483.478659
16647,120988.941024
5325,267637.58997
13733,163263.955126
7818,267637.58997
12505,267637.58997
9489,157119.07357
10106,178275.860158
7864,188700.66307
5134,263883.797905
11859,157119.07357
7440,520032.758836
1525,337015.685631
7339,178205.415011
8,277468.974879
3248,120988.941024
8995,230098.616826
15178,69739.0035653
8594,178275.860158
15770,272194.710719
15859,337015.685631
1735,337015.685631
11410,489729.562389
16397,174071.65086
3572,145778.105301
5501,120988.941024
969,204411.630384
6977,403765.852777
1233,178275.860158
4258,178205.415011
90,390233.068624
16650,178275.860158
197,120988.941024
12514,230213.799411
4367,188700.66307
3199,230098.616826
5600,188700.66307
11641,264340.9199
14609,120988.941024
12775,178275.860158
14240,178205.415011
7933,160320.921417
6945,399876.456511
14006,206462.845419
6320,272194.710719
12061,178205.415011
16369,208803.056634
16354,337015.685631
3970,267637.58997
1048,199764.458933
3639,208803.056634
14448,242429.195864
2812,390233.068624
3932,157119.07357
14875,332011.499798
8883,120988.941024
7622,272194.710719
7252,120988.941024
9751,178275.860158
2378,188700.66307
6816,224560.99473
15358,178275.860158
7843,164015.609613
10448,390233.068624
7840,277468.974879
8880,230098.616826
12551,390233.068624
15470,188700.66307
16207,259890.251009
12123,120988.941024
15247,390233.068624
7481,188700.66307
16171,337015.685631
7461,337015.685631
902,305993.833313
13094,188700.66307
11584,276119.408219
4462,178275.860158
15576,145778.105301
16606,230213.799411
5427,230213.799411
7725,188700.66307
5409,178275.860158
12579,120988.941024
12013,242429.195864
11321,230098.616826
9932,178275.860158
591,163263.955126
10357,204411.630384
3336,267637.58997
13,178275.860158
4809,199764.458933
7555,199764.458933
15172,337015.685631
6989,178275.860158
4707,178205.415011
2046,263883.797905
6495,163263.955126
3873,204411.630384
7061,199764.458933
12112,208803.056634
8917,267637.58997
7735,157119.07357
16442,208803.056634
4244,178275.860158
3747,203096.892022
11086,188700.66307
10080,230098.616826
15057,272194.710719
1331,204411.630384
8891,120988.941024
13411,204411.630384
16730,230098.616826
2267,188700.66307
3022,181747.788774
11190,208803.056634
11857,188700.66307
9318,178205.415011
16512,174071.65086
2053,230213.799411
13707,145778.105301
12143,178275.860158
14080,174071.65086
6130,178205.415011
7936,88490.0520302
10101,157119.07357
5663,188700.66307
14811,125483.478659
1366,204411.630384
908,204411.630384
2953,120988.941024
14629,178275.860158
15096,476843.942405
2115,180012.371088
11770,178275.860158
12701,181747.788774
14584,145778.105301
1893,390233.068624
9501,504668.255523
2138,120988.941024
9346,204411.630384
15960,267637.58997
8230,157119.07357
13843,230213.799411
13810,267637.58997
15650,181747.788774
9974,157119.07357
12200,188700.66307
538,178275.860158
5334,208803.056634
14823,120988.941024
4817,160320.921417
9041,208803.056634
4359,230213.799411
4852,208861.272969
10141,145778.105301
1503,188700.66307
16256,305993.833313
683,105334.761411
14382,178275.860158
7248,188700.66307
1200,174071.65086
3563,178275.860158
3681,390233.068624
3053,267637.58997
4099,204411.630384
807,178205.415011
4658,264340.9199
3535,188700.66307
12548,157119.07357
10488,208803.056634
5851,188700.66307
13736,203096.892022
875,164015.609613
14449,157119.07357
3958,337015.685631
10727,178275.860158
11296,120988.941024
13646,267637.58997
9599,208861.272969
7135,332011.499798
5943,332011.499798
2695,267637.58997
6766,204411.630384
5630,180012.371088
13586,188700.66307
3507,390233.068624
10014,145778.105301
459,238822.351406
3582,238822.351406
8560,267637.58997
3372,188700.66307
13109,230213.799411
8160,230098.616826
10706,230098.616826
9104,337015.685631
2870,178275.860158
13712,204411.630384
13924,125483.478659
798,259890.251009
9750,390233.068624
16248,390233.068624
3170,188700.66307
12700,204411.630384
10601,163263.955126
514,178275.860158
4010,230098.616826
8124,157119.07357
10800,181747.788774
13628,188700.66307
11637,145778.105301
781,157119.07357
16156,178205.415011
12618,267637.58997
9766,157119.07357
15987,267637.58997
11051,337015.685631
7673,230098.616826
1245,489729.562389
2443,178275.860158
7413,120988.941024
310,163263.955126
10921,204411.630384
8709,105334.761411
12404,277468.974879
14986,230450.803848
10714,267637.58997
14286,204411.630384
13828,337015.685631
8926,390233.068624
12233,178205.415011
3913,188700.66307
5221,238822.351406
14965,88490.0520302
862,163263.955126
13907,120988.941024
5418,180012.371088
2045,188700.66307
13321,204411.630384
2762,230098.616826
13888,174071.65086
14962,141071.994201
13305,263883.797905
8487,425837.404955
7146,157119.07357
1134,180012.371088
15092,337015.685631
13760,267637.58997
11958,489729.562389
3177,178205.415011
11350,157119.07357
1524,105334.761411
5527,263883.797905
2872,178275.860158
8602,390233.068624
3067,267637.58997
10435,230213.799411
11222,208803.056634
8700,180012.371088
10961,208861.272969
14305,204411.630384
8362,238822.351406
4979,157119.07357
7180,337015.685631
5763,111389.481059
2192,208803.056634
13581,178275.860158
10720,164015.609613
1358,267637.58997
13366,340979.985649
13539,390233.068624
12849,230213.799411
6794,163263.955126
525,316414.780697
12223,332011.499798
16271,178205.415011
5818,120988.941024
16588,230098.616826
8981,120988.941024
16476,120988.941024
14663,178275.860158
3,157119.07357
6615,120988.941024
12215,267637.58997
304,267637.58997
13634,259890.251009
9208,157119.07357
2175,178275.860158
250,230213.799411
6045,188700.66307
10516,157119.07357
1852,438286.555823
1573,259890.251009
15079,178205.415011
5500,178275.860158
15775,160320.921417
3198,157119.07357
6718,204411.630384
4149,188700.66307
9627,272194.710719
7595,230098.616826
4538,204411.630384
3555,230098.616826
10483,277468.974879
8834,157119.07357
16412,160320.921417
6449,164482.443145
2767,188700.66307
11498,178275.860158
16472,145778.105301
178,267637.58997
10948,230098.616826
13313,332011.499798
8065,120988.941024
102,157119.07357
14428,199764.458933
11973,125483.478659
6663,204411.630384
15989,120988.941024
10955,390233.068624
11772,141071.994201
11364,230213.799411
7082,178275.860158
7749,504668.255523
6428,125483.478659
6869,120988.941024
295,157119.07357
12266,267637.58997
11129,174071.65086
826,182399.310943
3262,230213.799411
15641,337015.685631
1662,390233.068624
10926,208803.056634
10232,230098.616826
6376,178275.860158
7817,188700.66307
354,188700.66307
10076,170185.767454
11379,277468.974879
10184,125483.478659
4696,390233.068624
13562,504668.255523
5436,157119.07357
13196,105092.297873
14939,272194.710719
14004,208861.272969
5916,178205.415011
7229,174071.65086
9143,157119.07357
3440,188700.66307
319,178275.860158
11683,230098.616826
12647,230098.616826
12788,174071.65086
13662,242429.195864
423,230098.616826
5222,267637.58997
9242,230213.799411
2641,170185.767454
4855,178275.860158
5360,174071.65086
9799,188700.66307
5526,267637.58997
10309,174071.65086
2144,390233.068624
7191,157119.07357
6732,163263.955126
14789,157119.07357
13525,157119.07357
4066,276119.408219
16422,204411.630384
14890,230213.799411
2922,208861.272969
3601,125483.478659
13416,120988.941024
14363,178275.860158
9496,272194.710719
7115,337015.685631
8615,170185.767454
5218,120988.941024
9493,199764.458933
10623,180012.371088
2272,160320.921417
3352,332011.499798
84,157119.07357
8086,125483.478659
2595,267637.58997
3531,178275.860158
7460,504668.255523
9214,230098.616826
2790,224560.99473
10548,230213.799411
9218,174071.65086
7435,188700.66307
15780,188700.66307
7640,208803.056634
6223,157119.07357
3425,120988.941024
10582,145778.105301
702,230213.799411
2111,178275.860158
11730,188700.66307
9865,267637.58997
16478,277468.974879
1885,204411.630384
3956,337015.685631
16735,109873.36602
15264,204411.630384
15971,188700.66307
5584,230213.799411
15242,180012.371088
14358,181747.788774
11300,254331.552331
5446,163263.955126
3934,188700.66307
6610,178205.415011
10164,399876.456511
4646,206462.845419
13304,188700.66307
1985,204411.630384
4746,145778.105301
7963,204411.630384
14083,267637.58997
13140,267637.58997
15023,267637.58997
13093,263883.797905
7160,181747.788774
7407,178275.860158
16056,181747.788774
751,504668.255523
6179,157119.07357
9137,272194.710719
10992,259890.251009
5744,390233.068624
10884,178205.415011
12858,332011.499798
13005,340979.985649
16714,188700.66307
1419,267637.58997
6064,199764.458933
3771,178275.860158
5945,504668.255523
8453,69739.0035653
3806,145778.105301
16748,267637.58997
11380,230450.803848
3107,204411.630384
12003,199764.458933
14567,254143.006464
1079,178275.860158
11705,163263.955126
7814,178275.860158
10174,178205.415011
5514,264340.9199
5265,230213.799411
10520,438286.555823
13195,208803.056634
14601,390233.068624
6012,188700.66307
13079,157119.07357
9009,120988.941024
3122,170185.767454
5470,257604.225889
4840,178275.860158
6270,267637.58997
9158,120988.941024
10120,120988.941024
10672,332011.499798
4573,157119.07357
12118,337015.685631
7447,120988.941024
2171,204411.630384
6126,340979.985649
2836,160320.921417
1457,267637.58997
11165,208861.272969
5923,208861.272969
1813,230213.799411
3492,230213.799411
1917,267637.58997
965,390233.068624
15795,157119.07357
821,188700.66307
4568,188700.66307
9078,264340.9199
11371,125483.478659
5149,199764.458933
281,188700.66307
1918,230213.799411
776,163263.955126
210,180012.371088
10782,178275.860158
9653,178275.860158
9372,157119.07357
5868,170185.767454
6176,163263.955126
3969,125783.638369
7427,178205.415011
8544,504668.255523
5219,230213.799411
16488,120988.941024
5855,230213.799411
15920,120988.941024
4393,390233.068624
5770,157119.07357
2900,157119.07357
8622,88490.0520302
11610,230213.799411
10969,120988.941024
11029,157119.07357
6193,332011.499798
14087,438286.555823
13623,157119.07357
16689,178275.860158
1027,230213.799411
949,121533.45297
672,120988.941024
13832,125483.478659
2471,188700.66307
8728,272194.710719
7742,230098.616826
2698,230098.616826
9084,174071.65086
6075,272194.710719
2874,188700.66307
13119,163263.955126
5010,204411.630384
1284,178275.860158
1151,178275.860158
5110,390233.068624
11386,178205.415011
8019,178275.860158
2859,120988.941024
16110,178275.860158
16027,267637.58997
14902,178275.860158
14301,204411.630384
2451,264340.9199
13596,157119.07357
1464,120988.941024
7927,390233.068624
9638,305993.833313
8009,272194.710719
11903,157119.07357
9243,120988.941024
547,157119.07357
5511,178275.860158
11247,178275.860158
15928,332011.499798
3434,267637.58997
7614,125483.478659
1380,178275.860158
2770,120988.941024
111,163263.955126
5994,157119.07357
12341,199764.458933
2787,267637.58997
14410,272194.710719
15983,120988.941024
14876,208803.056634
653,238822.351406
2174,178205.415011
2575,332011.499798
7976,178205.415011
5812,332011.499798
13589,504668.255523
9122,163263.955126
8159,489729.562389
8754,337015.685631
9321,230098.616826
13535,170185.767454
2083,181747.788774
2689,390233.068624
2248,163263.955126
11649,157119.07357
11045,516315.770611
1276,121533.45297
5962,163263.955126
13012,178205.415011
4642,174071.65086
179,178275.860158
15347,472952.827526
3339,157119.07357
8166,178275.860158
11617,157119.07357
52,257604.225889
4395,267637.58997
2183,230213.799411
16045,178205.415011
15719,178275.860158
9864,188700.66307
1903,504668.255523
13451,178275.860158
3640,188700.66307
16551,188700.66307
2343,157119.07357
10528,230213.799411
134,267637.58997
13966,267637.58997
2366,178275.860158
1198,208861.272969
12627,120988.941024
11623,230098.616826
8267,120988.941024
56,267637.58997
2988,259890.251009
8843,267637.58997
3043,267637.58997
16486,340979.985649
1241,178275.860158
11180,332011.499798
1984,188700.66307
7364,174071.65086
10769,120988.941024
16617,224560.99473
9007,332011.499798
12953,390233.068624
11366,178205.415011
16483,204411.630384
2326,230098.616826
14195,163263.955126
3484,230213.799411
15257,188700.66307
11920,399876.456511
1359,163263.955126
10353,157119.07357
15614,120988.941024
15101,257604.225889
12755,267637.58997
6252,178275.860158
7485,188700.66307
12603,208803.056634
5281,438286.555823
10708,157119.07357
12563,163263.955126
4592,263883.797905
3390,438286.555823
1986,230213.799411
5745,120988.941024
14108,157119.07357
9693,120988.941024
669,97796.2553262
7320,272194.710719
10258,157119.07357
507,204411.630384
10365,178275.860158
9363,178275.860158
8736,125483.478659
15100,180012.371088
13420,178205.415011
13248,267637.58997
1972,337015.685631
9258,208803.056634
16455,267637.58997
6150,206462.845419
6283,188700.66307
14979,204411.630384
13935,174071.65086
4985,178205.415011
5393,120988.941024
1730,125483.478659
14129,208861.272969
6254,188700.66307
4173,337015.685631
4910,267637.58997
1297,160320.921417
3366,120988.941024
6044,337015.685631
6259,120988.941024
3852,125483.478659
8723,188700.66307
16109,178275.860158
3721,178275.860158
13453,267637.58997
11962,263883.797905
12998,157119.07357
6886,174071.65086
8200,264340.9199
51,230098.616826
3930,272194.710719
6310,188700.66307
6112,199764.458933
5135,125483.478659
7522,332011.499798
9825,230450.803848
2411,267637.58997
14940,504668.255523
15970,178205.415011
9894,332011.499798
2564,170185.767454
7095,230098.616826
16754,204411.630384
16195,145778.105301
1770,230098.616826
5363,390233.068624
11360,264340.9199
13034,337015.685631
6542,163263.955126
15870,230098.616826
217,230098.616826
6490,332011.499798
6692,277468.974879
2235,178205.415011
16732,230213.799411
11499,230213.799411
12617,174071.65086
9060,267637.58997
12017,164482.443145
16750,121533.45297
12230,204411.630384
2158,178205.415011
15184,141071.994201
2981,178205.415011
10281,199764.458933
16596,208861.272969
6976,390233.068624
14680,163263.955126
10618,204411.630384
271,267637.58997
10817,204411.630384
1823,390233.068624
9549,157119.07357
1201,180012.371088
2112,230213.799411
2951,178275.860158
7183,178205.415011
11404,120988.941024
5473,230213.799411
9232,267637.58997
3033,332011.499798
11002,188700.66307
8299,230213.799411
15417,163263.955126
15612,224560.99473
6168,188700.66307
13751,157119.07357
764,178205.415011
12833,120988.941024
2009,69739.0035653
1005,390233.068624
10740,178275.860158
15323,188700.66307
9884,97796.2553262
6185,267637.58997
2311,164015.609613
7538,230213.799411
6256,204411.630384
619,438286.555823
1968,203096.892022
10168,125483.478659
10762,230213.799411
12392,141071.994201
8877,399876.456511
2441,206462.845419
4974,178275.860158
12450,178275.860158
15837,204411.630384
5260,267637.58997
6591,163263.955126
11688,267637.58997
9940,188700.66307
12070,204411.630384
12876,163263.955126
6858,195151.355906
2385,208803.056634
3596,188700.66307
13540,120988.941024
2077,141071.994201
5654,332011.499798
14029,230213.799411
16140,120988.941024
13303,438286.555823
7289,163263.955126
15226,157119.07357
3330,188700.66307
15642,263883.797905
16217,390233.068624
7330,208803.056634
3894,120988.941024
6719,204411.630384
13013,181747.788774
15835,208803.056634
10873,390233.068624
16379,272194.710719
10771,267637.58997
13943,163263.955126
5139,230213.799411
5309,230098.616826
14227,390233.068624
16292,259890.251009
14968,208803.056634
13277,204411.630384
1731,121533.45297
7286,125483.478659
7455,163263.955126
3250,180012.371088
1659,188700.66307
15806,337015.685631
7491,259890.251009
1990,267637.58997
7769,403765.852777
9694,267637.58997
11961,204411.630384
4669,208803.056634
13826,230213.799411
1691,178275.860158
3986,120988.941024
1407,178205.415011
5517,157119.07357
8432,230213.799411
2214,178275.860158
10449,157119.07357
2941,208861.272969
5944,157119.07357
1555,272194.710719
6105,178205.415011
4453,267637.58997
5892,257604.225889
5000,267637.58997
12995,163263.955126
8905,163263.955126
11440,157119.07357
419,259890.251009
4712,163263.955126
2094,157119.07357
4567,157119.07357
10717,204411.630384
1248,390233.068624
12405,178275.860158
8331,390233.068624
3113,157119.07357
6926,340979.985649
6777,305993.833313
4060,188700.66307
11547,259890.251009
15199,157119.07357
9282,188700.66307
16123,254331.552331
14094,178275.860158
8770,230213.799411
1054,438286.555823
11363,188700.66307
8756,125483.478659
4800,174071.65086
7620,120988.941024
9101,157119.07357
13954,276119.408219
13600,390233.068624
2893,188700.66307
763,230450.803848
5347,208861.272969
12096,120988.941024
16333,238822.351406
16432,337015.685631
3513,120988.941024
13494,259890.251009
8690,208861.272969
7266,157119.07357
3472,157119.07357
7021,199764.458933
12952,267637.58997
2774,267637.58997
607,204411.630384
6897,199764.458933
8220,267637.58997
8071,157119.07357
7091,267637.58997
1805,337015.685631
3594,199764.458933
13103,267637.58997
2203,141071.994201
12622,188700.66307
13270,264340.9199
9461,120988.941024
7759,97796.2553262
4256,178275.860158
9093,188700.66307
6033,267637.58997
7734,157119.07357
12368,390233.068624
11740,208861.272969
9907,230213.799411
12398,267637.58997
6290,254331.552331
2882,204411.630384
5091,188700.66307
7228,257604.225889
5953,267637.58997
5707,411691.504766
10159,180012.371088
7813,208861.272969
6463,178275.860158
7264,163263.955126
5405,178275.860158
7543,178275.860158
13702,277468.974879
5538,238822.351406
6762,120988.941024
9416,188700.66307
10415,337015.685631
2139,230213.799411
13151,157119.07357
10301,199764.458933
13273,208803.056634
7609,105334.761411
4884,178275.860158
3438,259890.251009
2215,188700.66307
1723,170185.767454
2340,178205.415011
3950,267637.58997
7312,120988.941024
3602,390233.068624
12053,145778.105301
16240,170185.767454
8301,199764.458933
14068,230098.616826
6216,472952.827526
12910,230098.616826
7656,390233.068624
7854,178275.860158
14636,178275.860158
12267,230098.616826
11334,390233.068624
9326,267637.58997
5935,178275.860158
16132,141071.994201
8318,188700.66307
5009,178275.860158
3883,230098.616826
7565,164015.609613
7960,125483.478659
16736,188700.66307
15284,157119.07357
4301,230098.616826
4273,390233.068624
8436,180012.371088
2113,337015.685631
8469,272194.710719
648,208803.056634
7526,272459.310781
9656,267637.58997
516,178275.860158
6849,390233.068624
7013,230098.616826
13741,390233.068624
13281,178275.860158
12374,277468.974879
11855,390233.068624
2759,120988.941024
6759,105334.761411
1667,157119.07357
5138,230213.799411
2452,174071.65086
13027,105092.297873
2493,120988.941024
9899,163263.955126
8151,230213.799411
5349,120988.941024
3926,267637.58997
6394,267637.58997
11720,178205.415011
578,208803.056634
4001,178205.415011
13504,199764.458933
14836,272194.710719
1741,178275.860158
1278,181747.788774
11890,199764.458933
1803,204411.630384
11418,199764.458933
13693,230213.799411
7321,230098.616826
12575,164015.609613
6966,204411.630384
16613,178275.860158
3148,390233.068624
8920,163263.955126
13984,399876.456511
802,257604.225889
13893,178275.860158
2495,157119.07357
1695,157119.07357
14995,337015.685631
10890,230098.616826
5282,337015.685631
13487,254331.552331
16615,267637.58997
4545,390233.068624
14032,145778.105301
15707,238822.351406
13931,188700.66307
946,178275.860158
11500,504668.255523
10220,188700.66307
2604,188700.66307
10761,301979.350449
10982,277468.974879
11729,230098.616826
8152,178275.860158
5323,178275.860158
9448,164015.609613
14935,125483.478659
385,224560.99473
7039,337015.685631
9366,180012.371088
15823,272194.710719
8993,178205.415011
1282,188700.66307
437,160320.921417
11011,141071.994201
10104,181747.788774
16321,157119.07357
11188,257604.225889
14291,178205.415011
7781,208861.272969
1203,277468.974879
3731,230450.803848
9037,337015.685631
12937,163263.955126
5196,199764.458933
1746,188700.66307
6345,125483.478659
7950,340979.985649
11552,208803.056634
11950,121533.45297
4805,332011.499798
9152,264340.9199
555,390233.068624
6765,163263.955126
8515,332011.499798
13915,160320.921417
16036,178205.415011
16625,178275.860158
11870,332011.499798
3304,163263.955126
9636,272194.710719
5232,390233.068624
8878,178275.860158
2756,178275.860158
5140,145778.105301
375,178205.415011
7149,272194.710719
16353,230213.799411
15742,170185.767454
5957,178275.860158
12580,178205.415011
10409,257604.225889
13766,188700.66307
7778,188700.66307
9028,180012.371088
14213,204411.630384
12691,230098.616826
1658,157119.07357
15352,203096.892022
10670,199764.458933
14260,204411.630384
8870,157119.07357
12054,180012.371088
9386,481360.360728
14378,337015.685631
2080,188700.66307
12729,267637.58997
932,120988.941024
3149,188700.66307
245,263883.797905
6334,125483.478659
11684,337015.685631
5099,120988.941024
1828,120988.941024
13464,188700.66307
4023,230213.799411
6563,174071.65086
13207,178205.415011
14075,438286.555823
5722,178275.860158
2308,263883.797905
8169,230213.799411
3341,276119.408219
7693,69739.0035653
2549,230213.799411
11576,267637.58997
8010,208861.272969
605,259890.251009
1580,230213.799411
1588,337015.685631
15197,178275.860158
190,188700.66307
12488,178275.860158
12254,208861.272969
3991,181747.788774
5076,204411.630384
3214,145778.105301
2348,259890.251009
13573,178275.860158
14296,178205.415011
4207,230098.616826
6529,230213.799411
16043,157119.07357
2508,199764.458933
12297,174071.65086
10012,188700.66307
1874,174071.65086
8451,208803.056634
16108,230213.799411
7200,332011.499798
859,182399.310943
8415,267637.58997
1649,69739.0035653
6269,337015.685631
8350,188700.66307
10978,199764.458933
16751,164015.609613
10133,178275.860158
11908,204411.630384
15627,120988.941024
14923,120988.941024
3669,228724.761851
8316,120988.941024
5702,340979.985649
3480,188700.66307
11965,188700.66307
5869,125483.478659
11147,504668.255523
6505,178205.415011
13797,272194.710719
14915,204411.630384
8221,174071.65086
5873,230213.799411
13900,259890.251009
13804,272194.710719
994,157119.07357
2118,178275.860158
15158,188700.66307
9898,120988.941024
3509,438286.555823
10228,120988.941024
12409,337015.685631
9260,188700.66307
11462,157119.07357
3265,157119.07357
54,230213.799411
9316,472952.827526
16208,259890.251009
16582,157119.07357
6338,272194.710719
699,170185.767454
3396,157119.07357
13995,178205.415011
8971,125483.478659
6068,267637.58997
7020,188700.66307
14015,178205.415011
4172,263883.797905
12959,489729.562389
5659,188700.66307
14766,120988.941024
14402,204411.630384
6611,188700.66307
3213,208803.056634
13306,157119.07357
5966,188700.66307
3685,390233.068624
10994,208803.056634
13564,199764.458933
6507,188700.66307
3196,504668.255523
1771,174071.65086
13367,267637.58997
1529,178275.860158
11128,188700.66307
11948,230213.799411
3798,238822.351406
11443,174071.65086
15581,178205.415011
15056,267637.58997
5114,390233.068624
12195,178205.415011
2044,230098.616826
13169,121533.45297
15180,267637.58997
15543,157119.07357
3770,145778.105301
772,267637.58997
990,178275.860158
5567,204411.630384
10805,267637.58997
3951,267637.58997
9484,188700.66307
3867,332011.499798
15605,230098.616826
3805,230213.799411
7254,337015.685631
2179,204411.630384
12745,188700.66307
16545,230213.799411
7310,204411.630384
8539,178205.415011
222,157119.07357
14084,267637.58997
15453,145778.105301
12318,230098.616826
7368,267637.58997
4027,263883.797905
4106,157119.07357
506,178275.860158
1995,163263.955126
7165,204411.630384
12615,163263.955126
16792,174071.65086
221,267637.58997
9710,121533.45297
4364,157119.07357
3379,230213.799411
8954,230213.799411
16630,120988.941024
9624,337015.685631
6967,230213.799411
8070,188700.66307
933,178275.860158
8155,257604.225889
6771,178205.415011
16477,170185.767454
675,188700.66307
7201,208861.272969
8254,163263.955126
11325,208861.272969
14018,125483.478659
5190,337015.685631
5505,120988.941024
2886,267637.58997
6941,120988.941024
2668,188700.66307
13831,178205.415011
11036,264340.9199
13691,120988.941024
2007,254331.552331
6442,163263.955126
10010,277468.974879
3259,267637.58997
14013,230213.799411
2261,504668.255523
4110,208861.272969
13293,120988.941024
14931,208803.056634
12293,131591.195973
16398,259890.251009
7132,178275.860158
2780,180012.371088
5700,188700.66307
8186,180012.371088
7031,120988.941024
11269,390233.068624
632,141071.994201
6330,332011.499798
10905,178205.415011
6313,257604.225889
13396,188700.66307
13414,178275.860158
4270,145778.105301
926,157119.07357
11452,78787.2596377
16228,504668.255523
1781,208803.056634
16492,178275.860158
14594,188700.66307
4485,178275.860158
8306,238822.351406
2071,204411.630384
9895,208803.056634
10544,208861.272969
11253,337015.685631
15213,468668.132357
2990,145778.105301
4518,267637.58997
2766,163263.955126
3275,178275.860158
14971,188700.66307
14863,157119.07357
1352,204411.630384
3423,230098.616826
13021,301979.350449
10489,178205.415011
12055,230213.799411
13089,120988.941024
16275,259890.251009
4272,157119.07357
3204,272194.710719
863,337015.685631
3289,120988.941024
9557,230213.799411
14381,230098.616826
15208,209347.210443
8030,267637.58997
8080,120988.941024
9876,267637.58997
5571,254143.006464
5439,178275.860158
10689,170185.767454
9919,188700.66307
7348,230213.799411
11686,267637.58997
16643,390233.068624
164,157119.07357
15912,390233.068624
14237,160320.921417
7965,267637.58997
9778,178275.860158
14321,141071.994201
10617,178205.415011
12007,178275.860158
1415,120988.941024
12912,272194.710719
12062,230213.799411
7762,204411.630384
4381,438286.555823
7986,178275.860158
10647,230098.616826
13452,188700.66307
230,230213.799411
9285,242429.195864
4221,340979.985649
16384,163263.955126
14645,188700.66307
778,230098.616826
6633,204411.630384
15137,120988.941024
62,188700.66307
10606,390233.068624
7791,120988.941024
4161,174071.65086
5553,264340.9199
9433,69739.0035653
7363,254331.552331
10162,208803.056634
9568,188700.66307
9901,230098.616826
8047,121533.45297
12954,145778.105301
12479,157119.07357
3357,504668.255523
15088,121533.45297
163,276119.408219
988,230098.616826
5877,230098.616826
1683,208861.272969
5206,208803.056634
11155,163263.955126
15339,157119.07357
1590,208803.056634
11100,178275.860158
11216,230213.799411
1624,178275.860158
6113,208861.272969
2181,230213.799411
1023,230098.616826
8673,120988.941024
1646,332011.499798
11608,120988.941024
5988,188700.66307
14354,257604.225889
6369,120988.941024
15936,208803.056634
13240,332011.499798
3481,157119.07357
3479,230098.616826
1698,337015.685631
13154,267637.58997
7802,178275.860158
9702,178205.415011
12895,390233.068624
5728,178205.415011
10793,203096.892022
13529,178275.860158
746,178275.860158
2610,163263.955126
10932,178205.415011
15350,230098.616826
15692,178205.415011
5484,178275.860158
15608,199764.458933
5253,230098.616826
1686,276119.408219
10624,504668.255523
267,157119.07357
3295,267637.58997
9481,272194.710719
732,277468.974879
10022,390233.068624
6135,272194.710719
7224,230098.616826
14887,230098.616826
7382,230098.616826
3242,120988.941024
3106,188700.66307
14678,178275.860158
6626,208803.056634
6576,188700.66307
9008,163263.955126
2931,230213.799411
10023,204411.630384
14964,157119.07357
796,276119.408219
5169,141071.994201
1814,145778.105301
7372,204411.630384
13672,178205.415011
4124,178275.860158
1095,163263.955126
15950,88490.0520302
817,504668.255523
15779,120988.941024
11506,230098.616826
8689,230213.799411
10077,267637.58997
10514,230098.616826
2198,504668.255523
8005,230213.799411
625,272194.710719
9420,188700.66307
10350,206462.845419
14494,230213.799411
11615,178275.860158
93,337015.685631
950,188700.66307
3325,178205.415011
14459,120988.941024
16531,203096.892022
11228,206462.845419
11761,208803.056634
12629,230213.799411
10339,230450.803848
12203,178275.860158
16744,267637.58997
2786,178275.860158
316,141071.994201
11424,264340.9199
8021,163263.955126
12679,390233.068624
1871,164015.609613
5767,204411.630384
4047,390233.068624
16235,230098.616826
10604,178275.860158
1510,230213.799411
854,120988.941024
1860,157119.07357
1593,203096.892022
381,163263.955126
10375,174071.65086
15149,267637.58997
11375,263883.797905
3912,157119.07357
12097,390233.068624
16743,164015.609613
146,257604.225889
5308,125483.478659
4125,160320.921417
7671,390233.068624
12609,120988.941024
4353,163263.955126
6287,204411.630384
2264,259890.251009
3457,178275.860158
12935,157119.07357
8958,188700.66307
4532,141071.994201
14857,254331.552331
11376,178275.860158
13713,208861.272969
181,264340.9199
10858,120988.941024
5160,277468.974879
6642,163263.955126
9312,504668.255523
7736,188700.66307
4326,267637.58997
1802,178275.860158
16115,188700.66307
16787,332011.499798
7107,163263.955126
6902,163263.955126
8950,332011.499798
9922,163263.955126
11453,230213.799411
10033,157119.07357
12131,390233.068624
11879,267637.58997
8986,145778.105301
82,188700.66307
7664,178205.415011
11116,259890.251009
14096,188700.66307
11577,230213.799411
1908,178205.415011
3658,178205.415011
6148,178275.860158
1324,208803.056634
8792,276119.408219
5883,390233.068624
15245,267637.58997
16382,109873.36602
2131,188700.66307
7581,267637.58997
11488,390233.068624
6091,267637.58997
7295,199764.458933
6427,157119.07357
4558,69739.0035653
14436,204411.630384
8373,242429.195864
917,332011.499798
9837,403765.852777
5619,125483.478659
4530,208803.056634
11486,230213.799411
8575,170185.767454
3540,332011.499798
4509,340979.985649
4709,230213.799411
10148,267637.58997
11077,230213.799411
609,188700.66307
14733,178275.860158
10609,125483.478659
3616,230213.799411
8805,230213.799411
13799,208803.056634
5886,224560.99473
15836,120988.941024
11792,120988.941024
9404,272194.710719
6456,204411.630384
2569,120988.941024
16727,206462.845419
12353,188700.66307
9841,230213.799411
2725,277468.974879
3388,230213.799411
9476,178275.860158
13550,120988.941024
11934,188700.66307
3375,230213.799411
2932,224560.99473
9972,204411.630384
876,178275.860158
13649,204411.630384
13444,337015.685631
12748,259890.251009
2003,188700.66307
2376,230098.616826
15961,188700.66307
1221,224560.99473
7064,230213.799411
7799,157119.07357
4549,390233.068624
11061,204411.630384
2132,337015.685631
10692,170185.767454
14546,230213.799411
11088,180012.371088
4819,230213.799411
13682,120988.941024
7127,419336.020201
6245,163263.955126
10845,157119.07357
3285,120988.941024
11384,206462.845419
10897,181747.788774
8533,120988.941024
15341,267637.58997
3821,157119.07357
14130,163263.955126
4306,337015.685631
113,178205.415011
14997,170185.767454
1482,230450.803848
14780,340979.985649
997,230213.799411
7991,178275.860158
15592,120988.941024
11143,188700.66307
12472,188700.66307
13991,337015.685631
13399,337015.685631
2588,267637.58997
14274,438286.555823
11491,332011.499798
4755,178205.415011
7939,125483.478659
1779,178275.860158
11924,157119.07357
12713,208803.056634
12486,390233.068624
13149,267637.58997
4847,230098.616826
7638,332011.499798
15228,267637.58997
10069,230213.799411
2219,337015.685631
956,272194.710719
13680,120988.941024
106,188700.66307
13101,120988.941024
7540,277468.974879
16138,337015.685631
4890,337015.685631
13752,267637.58997
14622,163263.955126
7871,178275.860158
3957,272194.710719
9987,230213.799411
8884,188700.66307
11715,272194.710719
10612,208803.056634
12945,204411.630384
5034,180012.371088
4463,472952.827526
3476,208861.272969
4846,267637.58997
2372,188700.66307
2873,206462.845419
512,199764.458933
16198,188700.66307
9155,390233.068624
16464,105334.761411
6904,178275.860158
3151,204411.630384
1816,157119.07357
16214,390233.068624
6264,337015.685631
254,160320.921417
5848,145778.105301
4357,157119.07357
14265,157119.07357
12235,178205.415011
11342,120988.941024
6679,203096.892022
5377,208803.056634
7636,163263.955126
12798,157119.07357
16349,272194.710719
3028,125483.478659
12810,340979.985649
15064,174071.65086
13801,120988.941024
13387,230213.799411
371,224560.99473
1161,120988.941024
14593,178205.415011
12144,181747.788774
5555,390233.068624
13493,174071.65086
11130,230213.799411
8658,163263.955126
6491,208803.056634
303,174071.65086
1897,178205.415011
9583,120988.941024
4515,178275.860158
1411,188700.66307
8534,125483.478659
7227,178275.860158
13478,178275.860158
7546,337015.685631
2798,120988.941024
10267,390233.068624
4519,120988.941024
12184,199764.458933
1895,337015.685631
13019,390233.068624
8845,272194.710719
1929,276119.408219
1966,163263.955126
5268,120988.941024
11402,157119.07357
13503,188700.66307
14413,178275.860158
15419,141071.994201
11573,160320.921417
270,157119.07357
9733,181747.788774
2729,204411.630384
10123,263883.797905
9331,208803.056634
4342,125483.478659
4248,277468.974879
446,188700.66307
6677,230098.616826
8324,272194.710719
9666,504668.255523
7303,157119.07357
2710,264340.9199
3334,174071.65086
11464,230213.799411
12220,178205.415011
14064,178275.860158
14350,178205.415011
2858,267637.58997
13014,332011.499798
13732,188700.66307
3371,272194.710719
5912,230450.803848
5881,163263.955126
6199,332011.499798
7344,178275.860158
6180,204411.630384
3343,182399.310943
12103,178205.415011
5177,157119.07357
7000,163263.955126
3990,208803.056634
11689,178275.860158
5624,174071.65086
7497,88490.0520302
618,163263.955126
6909,199764.458933
3346,157119.07357
12521,157119.07357
11871,390233.068624
10610,178275.860158
14869,163263.955126
2268,125483.478659
12058,157119.07357
12426,178205.415011
10662,97796.2553262
12512,120988.941024
14852,188700.66307
10876,178275.860158
7720,157119.07357
4334,69739.0035653
12275,337015.685631
12228,390233.068624
3715,199764.458933
9534,267637.58997
2333,157119.07357
15628,157119.07357
5043,188700.66307
16704,390233.068624
2891,259890.251009
14478,178275.860158
4429,178275.860158
5929,145778.105301
1845,157119.07357
3001,157119.07357
6741,163263.955126
2202,163263.955126
15490,180012.371088
3752,230213.799411
4620,204411.630384
12795,264340.9199
2662,125483.478659
12845,178205.415011
5604,174071.65086
4861,230213.799411
8100,267637.58997
15990,188700.66307
6561,160320.921417
14107,120988.941024
6274,120988.941024
4428,120988.941024
3184,204411.630384
9247,230098.616826
15016,178275.860158
6009,188700.66307
3190,230213.799411
3386,163263.955126
11984,204411.630384
16215,178275.860158
5506,257604.225889
10016,188700.66307
15394,337015.685631
15724,337015.685631
9409,157119.07357
12634,188700.66307
14316,178275.860158
8675,188700.66307
15231,163263.955126
3236,188700.66307
10087,208861.272969
5018,178205.415011
2728,125783.638369
8092,178275.860158
10698,174071.65086
5859,157119.07357
4198,121533.45297
861,178275.860158
7990,390233.068624
4009,188700.66307
10964,157119.07357
2114,230098.616826
1139,178205.415011
13921,157119.07357
15030,125483.478659
2122,120988.941024
1602,208861.272969
15032,390233.068624
5694,120988.941024
14026,178205.415011
1132,208861.272969
15469,337015.685631
10223,164015.609613
3303,277468.974879
12655,224560.99473
16151,157119.07357
14649,178275.860158
9533,178275.860158
2229,163263.955126
7652,254331.552331
14523,199764.458933
12991,178275.860158
4539,178275.860158
395,157119.07357
4853,272194.710719
12082,208861.272969
1406,230098.616826
7788,174071.65086
2143,145778.105301
11089,120988.941024
16693,163263.955126
14701,145778.105301
13689,230213.799411
4262,230098.616826
1046,230213.799411
12001,390233.068624
10729,180012.371088
11822,230098.616826
9132,332011.499798
14150,204411.630384
15217,163263.955126
4752,178275.860158
5875,178275.860158
7873,230213.799411
16046,157119.07357
321,264340.9199
15077,272194.710719
9148,267637.58997
10272,224560.99473
9490,208861.272969
5856,199764.458933
2436,157119.07357
526,230098.616826
9067,180012.371088
1166,332011.499798
13029,188700.66307
8264,272194.710719
13499,267637.58997
14681,259890.251009
10625,267637.58997
13668,230213.799411
4126,267637.58997
1527,157119.07357
12829,208803.056634
6074,121533.45297
16629,157119.07357
3231,332011.499798
6218,145778.105301
15050,230213.799411
16053,504668.255523
16745,157119.07357
11336,69739.0035653
1318,272194.710719
7424,157119.07357
8102,178275.860158
5468,157119.07357
9942,436304.358551
1001,263883.797905
6010,178205.415011
7766,178275.860158
10266,180012.371088
3139,390233.068624
4759,230213.799411
6760,259890.251009
5682,230098.616826
1648,267637.58997
10363,178275.860158
7551,120988.941024
12901,120988.941024
7938,230213.799411
15709,390233.068624
9663,208803.056634
14868,230213.799411
7617,332011.499798
5755,460183.748397
11519,438286.555823
6954,164015.609613
7463,390233.068624
138,208803.056634
1499,208803.056634
14579,180012.371088
30,178205.415011
6991,182399.310943
16283,178275.860158
15305,390233.068624
12736,264340.9199
1506,504668.255523
4302,163263.955126
8170,264340.9199
14230,160320.921417
14438,267637.58997
15974,178275.860158
3263,204411.630384
11227,157119.07357
9355,120988.941024
326,160320.921417
13155,163263.955126
13238,276119.408219
2785,390233.068624
7047,188700.66307
4222,230098.616826
14734,120988.941024
4224,120988.941024
11259,120988.941024
6174,120988.941024
14057,178205.415011
5181,178205.415011
5926,230213.799411
193,181747.788774
12528,157119.07357
5128,390233.068624
13462,230213.799411
5845,174071.65086
6872,230213.799411
8821,267637.58997
5106,178275.860158
8164,230098.616826
5679,230098.616826
2985,230213.799411
2106,188700.66307
12494,337015.685631
15150,178205.415011
187,188700.66307
15095,208803.056634
15289,230213.799411
497,178275.860158
10048,157119.07357
15012,157119.07357
11229,230098.616826
15927,178275.860158
12092,125783.638369
11174,208803.056634
13967,163263.955126
6693,188700.66307
92,277468.974879
13961,120988.941024
16220,390233.068624
13333,267637.58997
7730,178275.860158
15250,125783.638369
16392,178275.860158
14544,178275.860158
7261,195151.355906
16105,230098.616826
2984,145778.105301
3162,230213.799411
2260,178275.860158
7004,340979.985649
452,208861.272969
7828,267637.58997
626,230213.799411
4583,230213.799411
3725,120988.941024
5894,178275.860158
3316,188700.66307
6887,230213.799411
2492,267637.58997
9133,199764.458933
15655,238822.351406
12639,204411.630384
3848,121533.45297
11820,230098.616826
15254,199764.458933
10750,121533.45297
1156,337015.685631
2910,188700.66307
8591,272194.710719
14247,204411.630384
1425,180012.371088
16660,188700.66307
1837,272459.310781
6461,178275.860158
2580,230213.799411
1052,141071.994201
577,230213.799411
2825,267637.58997
2746,390233.068624
2291,332011.499798
10962,224560.99473
8547,230098.616826
10019,178275.860158
756,332011.499798
1709,390233.068624
9076,267637.58997
3211,178275.860158
2535,178275.860158
10943,178205.415011
4830,178205.415011
9928,145778.105301
16143,208803.056634
16784,267637.58997
16434,267637.58997
436,178275.860158
1226,230213.799411
1259,332011.499798
15299,120988.941024
4343,163263.955126
14661,178205.415011
1988,188700.66307
10173,178205.415011
11746,204411.630384
8412,178205.415011
9281,174071.65086
6246,188700.66307
5440,204411.630384
15301,204411.630384
1223,230098.616826
2714,472952.827526
3077,120988.941024
5549,180012.371088
16626,472952.827526
382,178275.860158
5635,120988.941024
186,254143.006464
4839,120988.941024
433,267637.58997
7210,141071.994201
15243,230213.799411
9993,230213.799411
7529,120988.941024
14506,230213.799411
5807,178275.860158
2373,230098.616826
13618,121533.45297
9908,178275.860158
5404,204411.630384
11023,178275.860158
9678,230098.616826
6160,204411.630384
4181,121533.45297
4230,178275.860158
13858,157119.07357
15871,230213.799411
7564,337015.685631
14463,390233.068624
15115,204411.630384
7533,125783.638369
9862,157119.07357
5708,267637.58997
272,230213.799411
4612,208861.272969
13336,188700.66307
13944,188700.66307
3517,208861.272969
422,267637.58997
12769,178275.860158
16079,224560.99473
4398,337015.685631
8250,125483.478659
8900,230098.616826
10819,188700.66307
10551,163263.955126
3418,272194.710719
3889,157119.07357
1186,199764.458933
15227,305993.833313
13432,504668.255523
10654,337015.685631
7306,178205.415011
16325,267637.58997
7510,267637.58997
7237,120988.941024
11812,267637.58997
7823,157119.07357
10691,276119.408219
12699,69739.0035653
914,199764.458933
12160,230213.799411
4600,272194.710719
5649,163263.955126
4896,188700.66307
800,204411.630384
10111,188700.66307
3690,178275.860158
10150,305993.833313
8099,145778.105301
9526,204411.630384
7301,390233.068624
655,120988.941024
6187,390233.068624
839,178275.860158
10505,188700.66307
3830,125483.478659
11301,163263.955126
11895,170185.767454
3102,125483.478659
12351,120988.941024
15378,504668.255523
9593,267637.58997
5302,157119.07357
7585,390233.068624
6785,178275.860158
3611,230098.616826
15888,163263.955126
13152,230213.799411
6208,208861.272969
13734,145778.105301
9212,340979.985649
6098,230098.616826
12314,267637.58997
8848,204411.630384
8951,204411.630384
13572,267637.58997
15907,230098.616826
12325,208803.056634
14000,337015.685631
9515,178205.415011
4514,332011.499798
11968,390233.068624
12452,188700.66307
2163,224560.99473
14538,204411.630384
11324,188700.66307
10441,174071.65086
1952,157119.07357
11680,157119.07357
16190,230213.799411
7649,267637.58997
5839,120988.941024
4659,164015.609613
2273,337015.685631
1829,174071.65086
3776,230213.799411
6607,174071.65086
10395,120988.941024
10667,337015.685631
10950,230098.616826
6339,160320.921417
12038,267637.58997
16128,178205.415011
9406,267637.58997
13386,188700.66307
13063,230098.616826
7319,174071.65086
11475,141071.994201
4109,230213.799411
466,178275.860158
7169,120988.941024
450,178205.415011
509,272194.710719
14114,204411.630384
10865,145778.105301
3497,188700.66307
9089,188700.66307
13675,178275.860158
6672,204411.630384
5464,332011.499798
16267,188700.66307
6372,390233.068624
4499,230098.616826
16547,188700.66307
11454,305993.833313
16645,332011.499798
9569,181747.788774
3279,272194.710719
12042,267637.58997
2547,188700.66307
16013,230213.799411
12929,188700.66307
12343,267637.58997
10359,188700.66307
12543,178275.860158
14928,438286.555823
11319,178205.415011
14724,208861.272969
2850,180012.371088
10775,337015.685631
8462,188700.66307
4724,230213.799411
6723,178205.415011
14180,174071.65086
5593,390233.068624
9151,390233.068624
8697,504668.255523
10758,390233.068624
4276,267637.58997
13655,267637.58997
13674,238822.351406
10057,120988.941024
10732,120988.941024
160,157119.07357
7451,188700.66307
3512,277468.974879
3925,208861.272969
14897,157119.07357
15963,178275.860158
13805,163263.955126
6894,125783.638369
14327,157119.07357
11838,178275.860158
12255,178275.860158
6587,230213.799411
6923,157119.07357
8885,163263.955126
10486,120988.941024
4722,390233.068624
14740,204411.630384
4754,157119.07357
8674,174071.65086
13252,188700.66307
1905,157119.07357
8585,188700.66307
11503,204411.630384
8979,230213.799411
3879,272194.710719
5165,178205.415011
4200,170185.767454
15206,157119.07357
927,178275.860158
13132,170185.767454
8640,272194.710719
14157,199764.458933
2991,438286.555823
15401,267637.58997
16356,188700.66307
10857,120988.941024
5651,157119.07357
14405,204411.630384
9176,337015.685631
16326,157119.07357
10397,178205.415011
14371,178275.860158
10577,131591.195973
10605,230213.799411
8441,188700.66307
9546,105334.761411
15433,230213.799411
14106,178205.415011
13791,163263.955126
123,195151.355906
6786,178275.860158
4618,120988.941024
6750,160320.921417
2188,157119.07357
4729,188700.66307
11082,145778.105301
947,230098.616826
1066,204411.630384
13916,399876.456511
13134,277468.974879
15755,157119.07357
14683,267637.58997
5590,160320.921417
11704,267637.58997
11544,178205.415011
9457,157119.07357
336,230213.799411
8667,337015.685631
9989,277468.974879
3786,88490.0520302
1467,390233.068624
15239,267637.58997
6380,267637.58997
15200,438286.555823
10378,264340.9199
9867,204411.630384
12443,224560.99473
15298,337015.685631
9136,204411.630384
6713,332011.499798
15472,230450.803848
4064,230098.616826
13576,267637.58997
10634,277468.974879
13257,120988.941024
14535,230213.799411
13262,390233.068624
13852,141071.994201
3238,178275.860158
2029,195151.355906
1542,230213.799411
5796,188700.66307
6273,204411.630384
8207,163263.955126
13913,178275.860158
14113,120988.941024
11094,178275.860158
3598,419336.020201
11881,188700.66307
4186,267637.58997
105,332011.499798
12712,230098.616826
10699,188700.66307
1522,120988.941024
6406,178205.415011
2600,224560.99473
12800,267637.58997
14794,163263.955126
832,157119.07357
11005,208803.056634
1329,203096.892022
9621,120988.941024
3543,208861.272969
1234,230450.803848
14715,332011.499798
13218,203096.892022
12522,120988.941024
15168,267637.58997
3344,178205.415011
7989,178275.860158
13592,267637.58997
2349,120988.941024
87,120988.941024
3648,160320.921417
15383,188700.66307
4245,178205.415011
3037,272194.710719
4963,230098.616826
12513,199764.458933
11906,460183.748397
6321,267637.58997
15889,178205.415011
16390,230098.616826
11080,230450.803848
4201,121285.521873
3696,188700.66307
15188,263883.797905
1475,337015.685631
15248,305993.833313
5836,230213.799411
621,272194.710719
15618,178275.860158
11070,504668.255523
5126,230213.799411
3191,230098.616826
4786,230213.799411
6620,267637.58997
9169,181747.788774
15908,204411.630384
5512,163263.955126
16496,208861.272969
4052,437730.064532
1158,199764.458933
5860,164015.609613
907,157119.07357
10880,460183.748397
2406,337015.685631
16135,204411.630384
16655,230213.799411
15009,157119.07357
9075,157119.07357
15211,230213.799411
11972,178205.415011
7343,178205.415011
10693,230098.616826
16611,157119.07357
11189,120988.941024
14873,188700.66307
2863,238822.351406
1616,125483.478659
6932,141071.994201
10136,145778.105301
430,178275.860158
2978,204411.630384
9667,157119.07357
1215,120988.941024
8651,120988.941024
11529,163263.955126
14115,188700.66307
13842,120988.941024
12668,180012.371088
11298,199764.458933
14801,199764.458933
12346,277468.974879
7741,178275.860158
9160,188700.66307
4285,230213.799411
1738,257604.225889
16527,178275.860158
11797,157119.07357
11537,120988.941024
11661,157119.07357
16296,230098.616826
9835,163263.955126
11551,204411.630384
7868,504668.255523
6828,141071.994201
4870,163263.955126
14037,199764.458933
10255,254143.006464
13980,120988.941024
12720,188700.66307
4391,163263.955126
15559,160320.921417
11971,460183.748397
1294,204411.630384
4639,208861.272969
10815,230098.616826
12270,272194.710719
9322,230213.799411
14633,121533.45297
3733,178275.860158
9311,178275.860158
14855,267637.58997
13819,157119.07357
912,337015.685631
13565,157119.07357
5546,263883.797905
14337,230098.616826
5902,178275.860158
3939,230213.799411
12958,157119.07357
6810,163263.955126
6464,337015.685631
15753,267637.58997
8295,204411.630384
4190,120988.941024
13160,188700.66307
11609,267637.58997
6477,174071.65086
7833,204411.630384
8088,257604.225889
7090,230213.799411
4818,204411.630384
3010,230213.799411
2954,230213.799411
16552,178275.860158
563,199764.458933
13208,267637.58997
12886,120988.941024
9235,157119.07357
2397,230098.616826
3059,267637.58997
8245,188700.66307
11636,208803.056634
694,230213.799411
7222,180012.371088
13986,332011.499798
6083,120988.941024
9782,160320.921417
13060,230213.799411
6144,230213.799411
15637,178275.860158
987,390233.068624
10696,272194.710719
5319,145778.105301
16119,340979.985649
8198,163263.955126
14721,230213.799411
4704,272194.710719
8806,267637.58997
14764,141071.994201
14233,120988.941024
14252,272194.710719
9139,163263.955126
9297,272194.710719
8288,163263.955126
4879,272194.710719
6384,204411.630384
7438,199764.458933
116,230213.799411
364,163263.955126
2690,188700.66307
2193,390233.068624
1228,206462.845419
7607,230450.803848
6378,120988.941024
16520,199764.458933
7737,230098.616826
15652,160320.921417
15578,157119.07357
10823,120988.941024
11027,125483.478659
7076,180012.371088
6451,230098.616826
15589,163263.955126
9532,163263.955126
4148,208803.056634
1222,337015.685631
8066,163263.955126
2227,157119.07357
8814,267637.58997
7121,181747.788774
8265,120988.941024
2848,163263.955126
7971,178275.860158
15812,272194.710719
2238,208861.272969
11569,204411.630384
13631,163263.955126
13209,188700.66307
5448,188700.66307
5974,390233.068624
10379,188700.66307
13829,178275.860158
7552,409265.07649
11205,174071.65086
12787,160320.921417
12773,489729.562389
1501,267637.58997
3650,188700.66307
14850,204411.630384
8174,121285.521873
5565,188700.66307
11832,178275.860158
15866,157119.07357
8742,105334.761411
5271,178275.860158
11697,267637.58997
13516,178275.860158
6408,180012.371088
15545,204411.630384
11148,178275.860158
1585,230213.799411
4609,178275.860158
3174,305993.833313
13784,230098.616826
7889,141071.994201
9385,267637.58997
4058,504668.255523
6783,204411.630384
14676,141071.994201
3284,178275.860158
4988,178275.860158
13369,178275.860158
10107,337015.685631
11456,164482.443145
5837,419336.020201
2637,157119.07357
10785,390233.068624
109,337015.685631
5968,69739.0035653
976,157119.07357
882,141071.994201
624,121533.45297
11904,337015.685631
15314,105334.761411
6579,105334.761411
9199,230213.799411
12611,157119.07357
2898,230213.799411
8461,238822.351406
15020,204411.630384
5652,178205.415011
14262,204411.630384
10156,337015.685631
4461,157119.07357
16666,267637.58997
15818,230213.799411
4940,230098.616826
9403,181747.788774
13638,332011.499798
6918,203096.892022
16307,272194.710719
4133,120988.941024
12316,150399.624131
1655,208861.272969
9398,337015.685631
4271,267637.58997
7584,267637.58997
16502,504668.255523
7732,178205.415011
14812,267637.58997
5083,230213.799411
4385,230098.616826
4024,181747.788774
5925,120988.941024
5603,272194.710719
9172,230213.799411
9485,230450.803848
337,188700.66307
9767,157119.07357
8228,206462.845419
14346,181747.788774
8946,160320.921417
11285,337015.685631
10588,332011.499798
16737,208861.272969
2262,163263.955126
12102,206462.845419
9851,157119.07357
941,224560.99473
10571,230213.799411
11487,230213.799411
12137,390233.068624
10549,157119.07357
11359,121533.45297
7724,178205.415011
6877,120988.941024
12946,120988.941024
10555,163263.955126
2733,125483.478659
734,180012.371088
4572,121533.45297
9888,267637.58997
5547,263883.797905
9473,163263.955126
10427,267637.58997
12081,267637.58997
10888,332011.499798
4834,204411.630384
7141,145778.105301
3282,160320.921417
10028,337015.685631
13941,174071.65086
3897,178205.415011
3838,157119.07357
15315,125483.478659
4623,332011.499798
1119,174071.65086
6031,208861.272969
8516,120988.941024
9415,120988.941024
10798,111389.481059
13666,120988.941024
11068,264340.9199
1489,170185.767454
9467,230213.799411
1946,332011.499798
6511,120988.941024
306,188700.66307
2837,332011.499798
9949,178275.860158
12571,267637.58997
9991,180012.371088
10974,157119.07357
5102,272194.710719
15565,141071.994201
8320,178275.860158
4205,264340.9199
14341,504668.255523
12738,163263.955126
7959,141071.994201
15526,230213.799411
9391,206462.845419
13904,145778.105301
5423,208803.056634
7852,188700.66307
16525,88490.0520302
3823,208861.272969
1858,157119.07357
8638,403765.852777
5777,178275.860158
10277,157119.07357
8002,272194.710719
11877,199764.458933
3964,208861.272969
16783,337015.685631
9896,174071.65086
1733,160320.921417
12470,267637.58997
12569,267637.58997
744,157119.07357
13608,254331.552331
3980,195151.355906
13468,157119.07357
15482,272194.710719
4135,178275.860158
8982,504668.255523
1928,208861.272969
12408,254331.552331
2316,69739.0035653
3340,180012.371088
7512,120988.941024
10170,204411.630384
2558,145778.105301
16236,160320.921417
9115,120988.941024
11183,390233.068624
6603,267637.58997
8548,390233.068624
13883,188700.66307
10766,267637.58997
9575,230098.616826
12048,178275.860158
928,204411.630384
3068,257604.225889
7603,188700.66307
12725,157119.07357
14089,164015.609613
13055,181747.788774
16602,180012.371088
2797,230098.616826
7467,120988.941024
651,178275.860158
16374,337015.685631
16544,157119.07357
3098,178275.860158
3015,188700.66307
13224,180012.371088
11299,178275.860158
14583,120988.941024
4033,141071.994201
12076,230213.799411
15017,157119.07357
13881,208803.056634
13000,178205.415011
676,230213.799411
6331,472952.827526
7681,267637.58997
1435,272194.710719
2966,264340.9199
5825,230213.799411
5422,390233.068624
1663,188700.66307
15561,145778.105301
10062,267637.58997
6476,188700.66307
1957,178205.415011
10795,178205.415011
16197,120988.941024
14421,230213.799411
12994,204411.630384
3493,163263.955126
11545,230213.799411
6726,121533.45297
9513,178275.860158
12556,120988.941024
9553,164015.609613
3734,390233.068624
3109,272194.710719
16319,188700.66307
5959,188700.66307
6683,264340.9199
9438,174071.65086
15857,257604.225889
2421,272194.710719
11540,208803.056634
264,254331.552331
16561,230213.799411
12288,272194.710719
9570,208861.272969
5936,157119.07357
11390,120988.941024
6551,188700.66307
3946,199764.458933
7746,204411.630384
2838,97796.2553262
2472,199764.458933
3520,181747.788774
1341,340979.985649
3910,267637.58997
5208,178205.415011
12599,178275.860158
2475,267637.58997
10966,160320.921417
5910,267637.58997
11910,188700.66307
16221,178205.415011
10591,157119.07357
3744,208803.056634
6618,390233.068624
8676,390233.068624
11193,178275.860158
12659,230450.803848
14101,188700.66307
14483,157119.07357
8107,267637.58997
10681,157119.07357
10126,208861.272969
4527,204411.630384
16537,188700.66307
15403,272194.710719
11124,340979.985649
7468,178275.860158
3172,163263.955126
15847,188700.66307
8211,438286.555823
9459,272194.710719
5903,267637.58997
7232,141071.994201
3180,188700.66307
7147,390233.068624
10105,174071.65086
7338,120988.941024
2446,267637.58997
6466,178275.860158
5782,163263.955126
6526,120988.941024
14982,267637.58997
14639,267637.58997
16052,204411.630384
12587,164015.609613
13192,69739.0035653
9342,267637.58997
6052,141071.994201
7987,157119.07357
12165,277468.974879
15151,390233.068624
16728,157119.07357
12735,230098.616826
939,178275.860158
10983,174071.65086
1385,145778.105301
1892,204411.630384
8352,164482.443145
79,178205.415011
7171,178205.415011
6194,208861.272969
6973,178275.860158
13786,178205.415011
2578,272194.710719
11344,178275.860158
14536,257604.225889
13518,188700.66307
15855,337015.685631
4387,230098.616826
1596,267637.58997
4699,390233.068624
4559,390233.068624
6613,230213.799411
7489,120988.941024
2127,178205.415011
16668,504668.255523
5919,105334.761411
7696,180012.371088
12287,264340.9199
1053,230098.616826
7924,267637.58997
16365,272194.710719
13988,390233.068624
7415,208803.056634
6661,178275.860158
14496,170185.767454
15112,157119.07357
16444,157119.07357
8992,224560.99473
11054,337015.685631
3570,145778.105301
11016,69739.0035653
10455,145778.105301
10478,208803.056634
7751,178205.415011
7913,390233.068624
4883,188700.66307
12728,390233.068624
11482,188700.66307
12561,157119.07357
2207,272194.710719
11946,145778.105301
10552,267637.58997
14673,141071.994201
6914,188700.66307
15988,145778.105301
3878,204411.630384
13937,170185.767454
11208,204411.630384
3466,120988.941024
2799,180012.371088
13802,267637.58997
15790,141071.994201
845,272194.710719
13261,199764.458933
9986,199764.458933
4771,267637.58997
11763,399876.456511
13249,504668.255523
15982,230098.616826
5295,178275.860158
2828,272194.710719
12717,188700.66307
14541,157119.07357
12898,157119.07357
15190,305993.833313
13553,230213.799411
11589,174071.65086
13168,195151.355906
14224,178205.415011
11844,259890.251009
14578,160320.921417
6770,254143.006464
1003,125483.478659
6716,174071.65086
6204,390233.068624
10213,264340.9199
2961,208861.272969
14134,170185.767454
9134,178275.860158
9906,267637.58997
12114,204411.630384
12706,188700.66307
192,230213.799411
11022,230213.799411
14712,337015.685631
2659,489729.562389
7602,199764.458933
3009,125483.478659
4533,390233.068624
5620,163263.955126
12312,157119.07357
10896,188700.66307
7532,163263.955126
5696,390233.068624
10743,305993.833313
16708,164015.609613
5430,178275.860158
4362,204411.630384
15599,178205.415011
8197,160320.921417
8502,121285.521873
554,120988.941024
16301,170185.767454
6206,390233.068624
10523,178275.860158
7221,180012.371088
5906,157119.07357
6724,230213.799411
9167,267637.58997
10380,204411.630384
6209,188700.66307
14298,125483.478659
6854,178205.415011
15218,230213.799411
5081,188700.66307
14572,208803.056634
7743,206462.845419
11071,230098.616826
10673,230213.799411
16276,267637.58997
2840,208861.272969
14414,390233.068624
15739,301979.350449
4743,163263.955126
3156,332011.499798
14879,188700.66307
758,141071.994201
14304,157119.07357
1210,272194.710719
1137,178275.860158
6026,188700.66307
841,141071.994201
3993,178205.415011
16554,267637.58997
27,157119.07357
13015,199764.458933
9428,157119.07357
6885,204411.630384
2410,188700.66307
743,267637.58997
9361,337015.685631
14016,204411.630384
5040,390233.068624
14255,157119.07357
291,230213.799411
3937,199764.458933
13374,272194.710719
14948,188700.66307
37,120988.941024
8226,224560.99473
9547,157119.07357
1000,230213.799411
12406,157119.07357
8314,204411.630384
960,163263.955126
31,178275.860158
5905,141071.994201
15833,390233.068624
8146,257604.225889
16718,125783.638369
2231,188700.66307
11286,199764.458933
8275,145778.105301
16706,489729.562389
6594,105334.761411
15521,178205.415011
1131,230098.616826
9595,178275.860158
8354,267637.58997
15777,120988.941024
2330,277468.974879
13382,238822.351406
16721,121533.45297
11393,163263.955126
7009,188700.66307
1474,164015.609613
5816,188700.66307
16032,204411.630384
3422,301979.350449
7231,178275.860158
1565,178275.860158
10574,131591.195973
1107,157119.07357
1458,157119.07357
12716,504668.255523
14039,178275.860158
7099,272194.710719
4498,267637.58997
16394,141071.994201
8760,157119.07357
5016,163263.955126
1097,80481.548272
5433,178275.860158
7847,272194.710719
2903,305993.833313
15929,230213.799411
9066,390233.068624
16152,230098.616826
12383,263883.797905
7591,272194.710719
15435,97796.2553262
1556,230213.799411
10644,264340.9199
5333,188700.66307
4266,204411.630384
7946,267637.58997
15594,204411.630384
12127,206462.845419
7697,504668.255523
10020,181747.788774
8999,276119.408219
15708,181747.788774
510,254331.552331
7239,120988.941024
414,178205.415011
9095,178205.415011
6136,188700.66307
12482,238822.351406
1254,145778.105301
12989,204411.630384
2923,438286.555823
13845,120988.941024
11169,178205.415011
3031,390233.068624
12704,230098.616826
3430,188700.66307
4483,120988.941024
1438,120988.941024
7790,157119.07357
10260,178205.415011
8340,230098.616826
11099,157119.07357
4392,164015.609613
1551,199764.458933
6566,267637.58997
12689,178275.860158
16117,170185.767454
2800,337015.685631
7779,257604.225889
4546,178275.860158
16734,208861.272969
2506,163263.955126
12457,170185.767454
14626,157119.07357
9816,163263.955126
5055,163263.955126
13894,163263.955126
2676,178275.860158
13860,163263.955126
3029,178275.860158
5048,230098.616826
12857,125783.638369
15813,120988.941024
9973,174071.65086
6664,230098.616826
2764,230098.616826
10746,120988.941024
1068,224560.99473
6797,178275.860158
384,125483.478659
16012,80481.548272
10891,267637.58997
1110,120988.941024
10284,390233.068624
15508,178275.860158
6000,69739.0035653
15275,230098.616826
5312,120988.941024
391,174071.65086
10154,163263.955126
7256,157119.07357
7947,174071.65086
4097,157119.07357
1526,390233.068624
16261,230213.799411
8470,163263.955126
3270,272194.710719
11212,267637.58997
1261,188700.66307
13456,120988.941024
3862,199764.458933
13241,178275.860158
8526,267637.58997
5013,267637.58997
10205,332011.499798
1346,208803.056634
12977,230213.799411
10073,157119.07357
9623,208861.272969
10590,188700.66307
2773,230213.799411
4444,267637.58997
442,178275.860158
8376,242429.195864
13461,204411.630384
13229,178275.860158
8718,178205.415011
12847,178275.860158
12117,230213.799411
14510,170185.767454
9254,332011.499798
16290,267637.58997
3936,272194.710719
12526,178205.415011
7302,267637.58997
3268,206462.845419
13230,254143.006464
12695,199764.458933
14761,230213.799411
15771,276119.408219
12598,257604.225889
15357,178275.860158
9874,120988.941024
7582,199764.458933
16604,305993.833313
2023,157119.07357
13932,178205.415011
13300,163263.955126
14040,206462.845419
12612,178205.415011
14843,272194.710719
5242,180012.371088
1343,145778.105301
14576,208861.272969
6257,120988.941024
25,160320.921417
11043,238822.351406
5047,80481.548272
16080,204411.630384
2161,254143.006464
2444,264340.9199
5459,267637.58997
9033,145778.105301
11539,188700.66307
14256,180012.371088
9219,276119.408219
13840,267637.58997
4848,230213.799411
227,157119.07357
6238,208861.272969
15530,178205.415011
594,157119.07357
14505,120988.941024
11748,230098.616826
13771,163263.955126
5778,230098.616826
9820,120988.941024
14066,204411.630384
8498,204411.630384
6058,230213.799411
13661,178275.860158
7992,157119.07357
10264,120988.941024
6924,178205.415011
9183,188700.66307
13325,267637.58997
10467,69739.0035653
998,263883.797905
3700,204411.630384
5094,230213.799411
11643,120988.941024
8496,181747.788774
16487,125483.478659
7810,230213.799411
15418,188700.66307
16355,230213.799411
3194,163263.955126
9278,230213.799411
2707,157119.07357
5688,390233.068624
7883,199764.458933
5250,337015.685631
12794,230213.799411
15958,272194.710719
68,230098.616826
9505,160320.921417
4162,178275.860158
14730,157119.07357
14671,390233.068624
13981,272194.710719
4445,267637.58997
15067,178275.860158
444,178275.860158
1613,230098.616826
8509,419336.020201
877,120988.941024
5170,230213.799411
9846,267637.58997
5915,188700.66307
12459,267637.58997
11318,206462.845419
16009,230213.799411
14466,332011.499798
7896,181747.788774
11280,163263.955126
15529,230098.616826
3859,390233.068624
16193,188700.66307
8796,120988.941024
13010,157119.07357
8672,145778.105301
16756,120988.941024
6929,337015.685631
6288,267637.58997
2842,204411.630384
13446,489729.562389
10235,163263.955126
7654,204411.630384
15967,272194.710719
8048,181747.788774
4253,277468.974879
8004,276119.408219
1397,416188.701892
4799,267637.58997
8558,145778.105301
6060,230213.799411
5608,230213.799411
10515,230098.616826
8931,264340.9199
2396,180012.371088
4022,163263.955126
12471,272194.710719
1711,199764.458933
11430,178275.860158
9829,174071.65086
4425,204411.630384
9803,399876.456511
4651,332011.499798
2189,277468.974879
6368,264340.9199
6568,178275.860158
13827,69739.0035653
4375,399876.456511
5622,188700.66307
10559,120988.941024
10985,390233.068624
159,267637.58997
9038,199764.458933
9382,337015.685631
11998,230213.799411
5184,230213.799411
10542,141071.994201
3537,69739.0035653
13475,145778.105301
15536,340979.985649
6948,337015.685631
2888,267637.58997
2830,204411.630384
12064,178205.415011
8922,204411.630384
16427,188700.66307
14051,120988.941024
3251,399876.456511
14202,178275.860158
13756,120988.941024
1421,157119.07357
14187,188700.66307
10166,272194.710719
4923,120988.941024
11570,272194.710719
9844,230213.799411
918,164015.609613
8919,230213.799411
8818,157119.07357
2949,178275.860158
2423,120988.941024
15361,188700.66307
13254,120988.941024
9692,264340.9199
7271,230213.799411
2017,230213.799411
4036,174071.65086
11373,208803.056634
13377,267637.58997
9977,208803.056634
7410,178275.860158
11817,230450.803848
2573,178205.415011
6543,206462.845419
8819,208803.056634
312,120988.941024
14517,174071.65086
15090,267637.58997
10789,178275.860158
1910,188700.66307
14652,277468.974879
13121,230098.616826
5125,230098.616826
1959,204411.630384
12034,230098.616826
15595,120988.941024
6153,120988.941024
4053,208803.056634
10877,264340.9199
4529,178275.860158
10158,188700.66307
9236,199764.458933
5299,337015.685631
13059,208803.056634
11152,267637.58997
11914,409265.07649
2442,332011.499798
7044,178205.415011
5893,170185.767454
5035,141071.994201
979,230213.799411
3409,163263.955126
6675,204411.630384
11650,264340.9199
5611,120988.941024
5956,178275.860158
16435,181747.788774
14599,160320.921417
4215,188700.66307
8873,164015.609613
14918,337015.685631
10011,174071.65086
11446,230098.616826
1535,188700.66307
14241,208803.056634
9543,178275.860158
10979,180012.371088
14215,267637.58997
12365,160320.921417
6681,199764.458933
2924,242429.195864
6445,272194.710719
12032,199764.458933
10702,157119.07357
2974,178205.415011
3877,178275.860158
15147,178205.415011
15984,276119.408219
2324,390233.068624
7499,267637.58997
3801,337015.685631
4284,204411.630384
9329,188700.66307
3120,277468.974879
2531,125483.478659
13762,145778.105301
3691,178205.415011
8058,188700.66307
4897,157119.07357
14925,230213.799411
4330,120988.941024
5453,178275.860158
6559,238822.351406
425,332011.499798
14024,188700.66307
10413,157119.07357
15294,178275.860158
2821,224560.99473
11509,120988.941024
9074,178205.415011
16091,267637.58997
3642,188700.66307
16124,188700.66307
16449,160320.921417
8684,163263.955126
2392,337015.685631
12234,188700.66307
14199,120988.941024
834,230213.799411
1484,170185.767454
15653,157119.07357
11663,160320.921417
15397,337015.685631
11385,208861.272969
10151,163263.955126
13263,125483.478659
4505,230213.799411
1851,163263.955126
15471,157119.07357
6560,224560.99473
4007,390233.068624
10251,267637.58997
265,180012.371088
14770,178275.860158
1353,230098.616826
16335,204411.630384
10859,178275.860158
641,178275.860158
11985,199764.458933
8076,188700.66307
14160,178275.860158
12506,332011.499798
8809,199764.458933
6957,178205.415011
4478,120988.941024
4749,224560.99473
12322,188700.66307
13910,174071.65086
8252,188700.66307
2431,230213.799411
12670,120988.941024
7537,178275.860158
4637,468668.132357
2538,163263.955126
15290,230213.799411
16072,337015.685631
16740,120988.941024
6078,178275.860158
16723,178205.415011
3847,267637.58997
5999,121533.45297
7678,204411.630384
4862,178275.860158
12468,178275.860158
13409,390233.068624
12380,208861.272969
8962,120988.941024
11004,267637.58997
792,174071.65086
5687,230098.616826
3906,125483.478659
13554,120988.941024
5863,120988.941024
13459,145778.105301
12378,230098.616826
9935,163263.955126
5674,178275.860158
4535,263883.797905
12310,390233.068624
7048,157119.07357
1143,340979.985649
16085,181747.788774
5358,178205.415011
7100,208861.272969
10384,160320.921417
5006,178275.860158
7371,178205.415011
4720,174071.65086
7577,238822.351406
15196,188700.66307
8467,337015.685631
5251,141071.994201
9220,120988.941024
2151,204411.630384
8081,264340.9199
15824,188700.66307
10545,264340.9199
13403,337015.685631
1559,69739.0035653
16795,188700.66307
6293,188700.66307
16024,208861.272969
12167,163263.955126
3078,120988.941024
6736,263883.797905
12124,332011.499798
6489,230213.799411
2778,178275.860158
13074,178205.415011
4075,163263.955126
15195,257604.225889
3160,160320.921417
1272,267637.58997
14776,230098.616826
8497,276119.408219
4,174071.65086
15732,267637.58997
9111,489729.562389
10748,178205.415011
8944,204411.630384
1906,163263.955126
11283,120988.941024
14269,120988.941024
16232,188700.66307
1839,337015.685631
7894,337015.685631
5703,164015.609613
1347,230213.799411
4849,69739.0035653
5618,145778.105301
9672,203096.892022
2638,163263.955126
1962,267637.58997
11717,230450.803848
13358,337015.685631
8258,69739.0035653
8822,230450.803848
2927,188700.66307
14741,267637.58997
8216,163263.955126
12317,105092.297873
13133,230213.799411
1286,178275.860158
13116,120988.941024
9198,120988.941024
13679,204411.630384
13877,163263.955126
5946,120988.941024
7428,199764.458933
1073,272194.710719
13970,259890.251009
8466,178205.415011
13135,170185.767454
1778,188700.66307
195,230098.616826
8973,125483.478659
10674,141071.994201
12350,145778.105301
10295,141071.994201
7251,267637.58997
9245,199764.458933
9126,180012.371088
7740,208861.272969
8956,188700.66307
13686,178275.860158
2864,157119.07357
7110,141071.994201
11331,178275.860158
16637,178205.415011
4580,332011.499798
8909,390233.068624
11932,267637.58997
5243,178205.415011
13419,267637.58997
3459,272194.710719
7053,337015.685631
14691,277468.974879
12535,208803.056634
560,332011.499798
7514,272194.710719
5305,178275.860158
11231,238822.351406
8803,120988.941024
9791,157119.07357
130,178275.860158
5874,390233.068624
1440,188700.66307
6474,174071.65086
12168,178275.860158
13187,254331.552331
9831,230213.799411
15943,263883.797905
15846,125783.638369
1402,199764.458933
4968,242429.195864
5131,178275.860158
15580,120988.941024
10869,180012.371088
4679,238822.351406
13908,157119.07357
13489,230098.616826
16352,105334.761411
5691,188700.66307
8780,272194.710719
11933,230213.799411
4136,390233.068624
12873,181747.788774
13330,208861.272969
797,160320.921417
6450,390233.068624
10056,178205.415011
1050,164015.609613
1202,178275.860158
6680,120988.941024
174,188700.66307
6337,120988.941024
6704,188700.66307
266,120988.941024
9195,120988.941024
14668,120988.941024
9315,204411.630384
469,230098.616826
8852,230213.799411
10907,163263.955126
5287,438286.555823
4548,263883.797905
9637,180012.371088
11010,178205.415011
9564,178275.860158
2681,120988.941024
6776,188700.66307
8311,178275.860158
6580,164015.609613
14417,157119.07357
3892,188700.66307
4929,163263.955126
7340,257604.225889
13225,178275.860158
5581,120988.941024
8015,141071.994201
13567,163263.955126
10596,178275.860158
11291,163263.955126
10901,267637.58997
9349,272194.710719
4030,276119.408219
8357,208861.272969
829,178275.860158
5529,403765.852777
4134,178205.415011
4867,230450.803848
903,230213.799411
3701,188700.66307
12916,120988.941024
9031,204411.630384
1965,272194.710719
13851,267637.58997
9314,204411.630384
7386,178275.860158
4088,178275.860158
14907,504668.255523
5991,230098.616826
10265,267637.58997
15260,157119.07357
8053,181747.788774
9577,230213.799411
15509,163263.955126
12153,272194.710719
3218,259890.251009
4740,238822.351406
682,178275.860158
12176,272194.710719
12385,178205.415011
2523,121533.45297
5801,178275.860158
12751,178275.860158
15121,203096.892022
517,390233.068624
4822,230213.799411
1129,337015.685631
12396,188700.66307
11329,257604.225889
11856,337015.685631
3653,208861.272969
13404,80481.548272
14486,399876.456511
3502,157119.07357
7717,88490.0520302
8808,188700.66307
11676,208861.272969
7033,272194.710719
1681,188700.66307
6658,145778.105301
959,390233.068624
4871,208861.272969
6946,188700.66307
13763,267637.58997
15320,267637.58997
3065,163263.955126
14742,188700.66307
13959,178275.860158
2427,170185.767454
1716,267637.58997
6258,120988.941024
16677,157119.07357
206,390233.068624
13659,438286.555823
7782,145778.105301
3308,125483.478659
9073,120988.941024
6342,504668.255523
868,337015.685631
10153,257604.225889
16788,164015.609613
14886,174071.65086
4674,178275.860158
13599,131591.195973
6851,204411.630384
6443,230098.616826
9903,157119.07357
8321,267637.58997
10686,163263.955126
11106,163263.955126
11845,141071.994201
2439,267637.58997
5461,390233.068624
14559,178275.860158
10215,125483.478659
13566,340979.985649
16563,178275.860158
10492,267637.58997
13847,178275.860158
3607,188700.66307
2844,199764.458933
3499,178275.860158
7478,460183.748397
4728,337015.685631
10883,178275.860158
13602,80481.548272
3751,157119.07357
10299,178205.415011
13023,170185.767454
14498,203096.892022
13601,120988.941024
5787,160320.921417
7853,157119.07357
2429,230098.616826
2359,230098.616826
13926,230213.799411
4278,157119.07357
14307,230098.616826
15677,390233.068624
9,120988.941024
12630,181747.788774
16428,390233.068624
13285,230098.616826
7902,125483.478659
866,120988.941024
6077,145778.105301
4015,277468.974879
16350,178275.860158
14793,120988.941024
1409,178275.860158
5199,163263.955126
12036,230213.799411
9654,208861.272969
13106,230213.799411
11780,157119.07357
355,204411.630384
6247,145778.105301
1045,230213.799411
4019,204411.630384
2048,267637.58997
14586,88490.0520302
6720,208803.056634
5509,120988.941024
8463,267637.58997
3202,272194.710719
6910,178275.860158
5701,267637.58997
1,257604.225889
6853,163263.955126
5386,178275.860158
9251,257604.225889
8580,178275.860158
3644,208803.056634
3258,199764.458933
329,195151.355906
5038,230098.616826
2526,178275.860158
2082,489729.562389
11081,163263.955126
3927,208861.272969
12305,180012.371088
10975,272194.710719
2590,230098.616826
9337,178275.860158
9368,188700.66307
16111,163263.955126
986,230213.799411
426,178275.860158
10040,178205.415011
16463,157119.07357
3704,254143.006464
15406,267637.58997
10035,337015.685631
16251,125483.478659
9520,409265.07649
503,188700.66307
8260,230213.799411
14309,230213.799411
16054,267637.58997
3885,242429.195864
5924,157119.07357
12843,178275.860158
14300,125783.638369
12608,257604.225889
11437,188700.66307
9535,164015.609613
1528,204411.630384
11518,178205.415011
6401,230098.616826
9129,157119.07357
13069,199764.458933
16607,157119.07357
1473,337015.685631
6085,230213.799411
4067,267637.58997
9178,178275.860158
5090,178275.860158
15046,272194.710719
13621,188700.66307
16065,230098.616826
1944,170185.767454
1060,267637.58997
1764,272194.710719
1705,180012.371088
9961,141071.994201
18,230098.616826
10371,157119.07357
13185,120988.941024
13139,230213.799411
3161,337015.685631
11931,264340.9199
8759,199764.458933
12969,120988.941024
14329,267637.58997
3637,188700.66307
1165,120988.941024
9976,230450.803848
16490,254331.552331
2074,272194.710719
15364,337015.685631
11394,267637.58997
10222,230098.616826
5948,120988.941024
7494,199764.458933
6285,188700.66307
15220,160320.921417
3237,141071.994201
3528,178205.415011
6289,267637.58997
15784,267637.58997
15321,259890.251009
4562,141071.994201
6402,242429.195864
12688,199764.458933
3536,157119.07357
8426,120988.941024
12434,230213.799411
5645,230098.616826
15080,204411.630384
4677,230213.799411
9818,332011.499798
13496,267637.58997
15682,230213.799411
6284,267637.58997
14342,188700.66307
8109,208861.272969
14818,230213.799411
5724,120988.941024
7471,157119.07357
14905,204411.630384
9719,337015.685631
10637,337015.685631
12838,178205.415011
15949,230098.616826
2334,272194.710719
3416,188700.66307
12303,178205.415011
528,157119.07357
980,178205.415011
1298,120988.941024
13728,157119.07357
10842,120988.941024
14596,120988.941024
1899,416188.701892
16380,230213.799411
7855,120988.941024
8147,267637.58997
11469,174071.65086
5779,69739.0035653
3389,390233.068624
7885,230213.799411
5254,390233.068624
6383,125483.478659
3498,230213.799411
16166,390233.068624
2413,267637.58997
14653,267637.58997
9345,174071.65086
13711,178205.415011
822,178275.860158
12640,163263.955126
11954,230213.799411
7914,390233.068624
7394,390233.068624
7354,178275.860158
13058,163263.955126
4836,230213.799411
362,141071.994201
9365,141071.994201
211,120988.941024
8543,157119.07357
188,204411.630384
14196,504668.255523
7114,230213.799411
13431,188700.66307
12869,267637.58997
16681,180012.371088
16528,178275.860158
390,272194.710719
11752,174071.65086
4408,157119.07357
3315,230213.799411
16071,199764.458933
16535,69739.0035653
12463,230213.799411
12790,230213.799411
11787,125483.478659
14577,204411.630384
4431,267637.58997
10286,145778.105301
1676,267637.58997
13993,337015.685631
4761,178275.860158
14670,188700.66307
4795,263883.797905
15411,264340.9199
2909,69739.0035653
8236,390233.068624
14017,145778.105301
13974,230213.799411
6513,230213.799411
7695,188700.66307
5286,188700.66307
4902,230213.799411
1124,267637.58997
10436,188700.66307
14749,230213.799411
2609,208861.272969
14548,178205.415011
1566,157119.07357
3649,163263.955126
16101,230213.799411
13095,174071.65086
2779,230213.799411
14203,160320.921417
11019,188700.66307
7653,178275.860158
12835,178205.415011
9683,340979.985649
6955,120988.941024
11504,125483.478659
12110,178275.860158
237,178205.415011
2612,199764.458933
8855,272194.710719
8729,120988.941024
11580,188700.66307
13807,337015.685631
5375,242429.195864
16767,390233.068624
14540,206462.845419
255,238822.351406
3586,157119.07357
5671,230098.616826
10311,272194.710719
13280,230213.799411
1788,204411.630384
12128,178205.415011
3576,390233.068624
1285,188700.66307
13502,208861.272969
6518,188700.66307
1729,178275.860158
5398,178275.860158
12539,254143.006464
1476,178275.860158
5057,305993.833313
5133,267637.58997
2196,468668.132357
4041,199764.458933
5252,80481.548272
12879,178205.415011
13210,230098.616826
7390,272194.710719
15942,141071.994201
7054,125483.478659
14632,230213.799411
10208,230213.799411
14120,178205.415011
13607,208803.056634
9647,208803.056634
12134,230213.799411
8593,163263.955126
16231,141071.994201
12474,163263.955126
11640,160320.921417
1685,178275.860158
4474,163263.955126
15313,120988.941024
1736,141071.994201
16471,157119.07357
12517,267637.58997
15437,163263.955126
3381,163263.955126
16555,145778.105301
15738,160320.921417
2896,105334.761411
11356,272194.710719
9734,224560.99473
1890,160320.921417
15344,188700.66307
13575,120988.941024
14595,208803.056634
10567,230213.799411
12889,188700.66307
1213,206462.845419
8841,120988.941024
473,230213.799411
14853,199764.458933
15271,390233.068624
14191,224560.99473
12703,230098.616826
2649,259890.251009
14916,163263.955126
8975,105334.761411
12108,267637.58997
6070,157119.07357
15765,178275.860158
3713,121285.521873
1618,267637.58997
13874,188700.66307
4407,178275.860158
8550,204411.630384
15759,267637.58997
7808,157119.07357
1127,204411.630384
13108,267637.58997
4426,188700.66307
6175,178275.860158
7903,230098.616826
2076,120988.941024
9924,230213.799411
2322,174071.65086
13844,178275.860158
13871,120988.941024
5908,204411.630384
429,228724.761851
3443,141071.994201
170,163263.955126
9879,267637.58997
15324,230098.616826
15616,188700.66307
14217,230098.616826
5262,254331.552331
13426,272194.710719
13286,178275.860158
10464,188700.66307
10881,204411.630384
12776,120988.941024
10664,206462.845419
15237,157119.07357
15999,264340.9199
4816,267637.58997
13856,163263.955126
2701,230213.799411
635,157119.07357
4016,204411.630384
64,208861.272969
4881,199764.458933
7017,301979.350449
7184,272194.710719
487,230213.799411
15897,390233.068624
11444,160320.921417
3260,204411.630384
3127,178275.860158
7899,145778.105301
5705,199764.458933
12960,230098.616826
4046,188700.66307
2190,224560.99473
15787,125783.638369
1926,272194.710719
3944,204411.630384
14709,230213.799411
13046,157119.07357
9845,174071.65086
7432,105334.761411
11524,230450.803848
6393,160320.921417
11323,163263.955126
10352,267637.58997
6811,337015.685631
2606,272194.710719
11660,390233.068624
8305,178205.415011
7357,208803.056634
14796,230098.616826
15587,163263.955126
2461,403765.852777
5605,170185.767454
6554,163263.955126
7662,267637.58997
11798,208803.056634
12078,204411.630384
1758,120988.941024
7661,390233.068624
3335,163263.955126
2854,230213.799411
16659,230450.803848
5241,230213.799411
16469,438286.555823
16098,178205.415011
15049,188700.66307
5152,80481.548272
2166,157119.07357
16465,208803.056634
1768,120988.941024
8744,242429.195864
10594,163263.955126
1339,178275.860158
6998,178205.415011
723,208861.272969
11357,230213.799411
4413,181747.788774
5026,188700.66307
4412,257604.225889
537,145778.105301
10270,105334.761411
9571,204411.630384
9969,208861.272969
7822,69739.0035653
6621,188700.66307
208,180012.371088
5195,199764.458933
7032,157119.07357
8263,178205.415011
14719,390233.068624
15622,163263.955126
4259,267637.58997
3085,267637.58997
172,178205.415011
7130,125483.478659
8767,157119.07357
3087,178205.415011
4089,276119.408219
11477,125483.478659
2246,178275.860158
1793,174071.65086
1630,180012.371088
1189,120988.941024
6050,230213.799411
8752,145778.105301
8963,180012.371088
9671,390233.068624
4820,178275.860158
4475,188700.66307
6396,208803.056634
8932,178205.415011
162,181747.788774
10847,163263.955126
5692,390233.068624
7316,267637.58997
5485,208803.056634
9780,332011.499798
7307,163263.955126
9739,254331.552331
7426,174071.65086
835,180012.371088
11744,272194.710719
11907,208861.272969
5684,157119.07357
10335,120988.941024
4466,208803.056634
11593,120988.941024
244,230450.803848
15205,332011.499798
6071,188700.66307
9455,390233.068624
15862,267637.58997
8165,276119.408219
5002,257604.225889
5922,332011.499798
16616,230098.616826
7615,257604.225889
7911,163263.955126
7748,208803.056634
11265,337015.685631
15820,157119.07357
6648,178275.860158
7117,238822.351406
10262,178205.415011
2853,230213.799411
4606,178275.860158
12747,145778.105301
3953,157119.07357
3552,188700.66307
2675,272194.710719
4611,180012.371088
2025,208861.272969
5424,203096.892022
8546,178275.860158
8875,230213.799411
2807,305993.833313
8578,230213.799411
786,337015.685631
3945,188700.66307
16733,120988.941024
16191,178275.860158
12669,178205.415011
10493,157119.07357
6671,272194.710719
9330,276119.408219
1622,157119.07357
8713,230098.616826
8696,276119.408219
9187,242429.195864
14551,178275.860158
2646,267637.58997
9563,230098.616826
4031,163263.955126
5155,230098.616826
12116,277468.974879
3834,390233.068624
7785,267637.58997
307,208861.272969
13663,230098.616826
16357,125483.478659
10646,157119.07357
5615,163263.955126
4604,178275.860158
9308,174071.65086
16789,272194.710719
15721,188700.66307
4994,337015.685631
5454,164015.609613
4034,204411.630384
1420,483283.488083
6453,157119.07357
8167,204411.630384
11657,230213.799411
14356,332011.499798
2024,504668.255523
7701,105334.761411
6291,181747.788774
789,259890.251009
16315,301979.350449
3677,181747.788774
13309,141071.994201
2088,121285.521873
3707,188700.66307
5240,208803.056634
13197,230213.799411
3147,178275.860158
76,230213.799411
14287,157119.07357
7940,230213.799411
2515,141071.994201
4891,230098.616826
7623,337015.685631
10671,390233.068624
13030,178205.415011
14686,230450.803848
13272,224560.99473
14954,178275.860158
16264,204411.630384
14461,181747.788774
13107,230213.799411
8740,472952.827526
2824,230213.799411
1645,120988.941024
15613,157119.07357
4803,276119.408219
971,178275.860158
13952,188700.66307
3320,157119.07357
15110,230213.799411
2440,188700.66307
10462,145778.105301
6011,332011.499798
9405,120988.941024
511,178205.415011
4141,438286.555823
11651,178275.860158
343,230213.799411
14750,267637.58997
3711,178275.860158
6322,157119.07357
6533,199764.458933
6089,230213.799411
286,332011.499798
7639,120988.941024
16722,125483.478659
9157,277468.974879
7137,230213.799411
6669,399876.456511
3326,337015.685631
5820,157119.07357
11604,230450.803848
16087,178275.860158
5327,230213.799411
13639,230098.616826
349,337015.685631
15181,203096.892022
4821,337015.685631
1740,188700.66307
3450,160320.921417
16064,125483.478659
1804,120988.941024
5296,178275.860158
5346,504668.255523
4723,208861.272969
417,157119.07357
15756,178275.860158
14090,178275.860158
14778,267637.58997
2560,188700.66307
12920,80481.548272
8249,120988.941024
7125,157119.07357
11732,145778.105301
13365,390233.068624
5361,332011.499798
15937,264340.9199
2591,204411.630384
15706,188700.66307
2105,204411.630384
7220,337015.685631
14562,204411.630384
6836,204411.630384
8180,230213.799411
4695,145778.105301
5783,337015.685631
4780,208803.056634
12504,170185.767454
